UI_20150317_000001	{@st41b}Выучить Атрибут{nl} у Мастеров вашего класса.{/}
UI_20150317_000002	{@st43}Список Атрибутов {/}
UI_20150317_000003	{@st59}Закрыть Список Атрибутов {/}
UI_20150317_000004	{@st43}Выучить Атрибут{/}
UI_20150317_000005	{@st59}Закрыть окно Атрибутов{/}
UI_20150317_000006	{@st41b}Серебро{/}
UI_20150317_000007	Мои Достижения
UI_20150317_000008	Ранги Сервера
UI_20150317_000009	{@st59}An unexpected event is available.{/}
UI_20150317_000010	{@st59}There is a new Help message{/}
UI_20150317_000011	{@st41}Вы уверены что хотите создать этот тип стрел?{/}
UI_20150317_000012	{@st41b}Один раз{/}
UI_20150317_000013	{@st41b}Все{/}
UI_20150317_000014	{@st41b}Пауза{/}
UI_20150317_000015	{@st43}Журнал Приключений{/}
UI_20150317_000016	{@st43}Аукцион{/}
UI_20150317_000017	{@st59}Закрыть Аукцион{/}
UI_20150317_000018	{memo X}{@st41b}Предмет продан : ×%s, Предмет не продан : ×%s{/}
UI_20150317_000019	{@st43}{s22}Аукцион предметов{/}
UI_20150317_000020	{@st59}Закрыть информацию о Задании{/}
UI_20150317_000021	Полезный
UI_20150317_000022	{@st41b}Оставшееся время
UI_20150317_000023	3 часа 16 минут
UI_20150317_000024	{@st41b}Начальная Цена
UI_20150317_000025	{@st41b}Ставки
UI_20150317_000026	{@st41b}Актуальная Цена
UI_20150317_000027	{@st41b}Предложенная Цена
UI_20150317_000028	{@st41b}Минимальная Цена {@st57}%s{@st41b}silver{/}
UI_20150317_000029	{@st41b}Заявка{/}
UI_20150317_000030	{@st43b}Купить сейчас!{nl}{img icon_item_silver 20 20}{@st57}%s{/}
UI_20150317_000031	{@st44}настройки доступа{/}
UI_20150317_000032	{@st45}Имя: %s{/}
UI_20150317_000033	{@st45}Склад Группы{/}
UI_20150317_000034	{@st49}Никто
UI_20150317_000035	{@st49}Магазин
UI_20150317_000036	{@st49}Забрать обратно
UI_20150317_000037	{@st45}Обзор{/}
UI_20150317_000038	{@st49}Создать
UI_20150317_000039	{@st49}Удалить
UI_20150317_000040	{@st44}Сохранить{/}
UI_20150317_000041	{@st44}Отменаl{/}
UI_20150317_000042	{@st43}{s22}Магазин причесок{/}
UI_20150317_000043	{@st59}Предыдущая прическа{/}
UI_20150317_000044	{@st59}Следующая прическа{/}
UI_20150317_000045	{@st41b} Обмен {s18} (100 iCoins required) {/}
UI_20150317_000046	{@st59}Выберите для смены Прически.{/}
UI_20150317_000047	{@st41}Отмена
UI_20150317_000048	{@st43}Черный Рынок{/}
UI_20150317_000049	Название Книги
UI_20150317_000050	{@St59}Остановить чтение{/}
UI_20150317_000051	{@st59}Предыдущая Страница{/}
UI_20150317_000052	{@st59}Следующая Страница Page{/}
UI_20150317_000053	{@st47}%s появился!
UI_20150317_000054	{@st43}Счет{/}
UI_20150317_000055	Полученный Урон
UI_20150317_000056	Бонус Техники
UI_20150317_000057	Бонус Уклонения
UI_20150317_000058	Чистое время
UI_20150317_000059	Финальный Счет
UI_20150317_000060	{@st42}Прошло времени
UI_20150317_000061	10 минут
UI_20150317_000062	10 секунд
UI_20150317_000063	{memo X}{@st44}Выполнено
UI_20150317_000064	{@st59}Закрыть Торговый Автомат Эффектов{/}
UI_20150317_000065	{@st43}Торговый Автомат Эффектов
UI_20150317_000066	Имя Торгового Автомата
UI_20150317_000067	{memo X}{@st43}Регистрация
UI_20150317_000068	{memo X}{@st43}Отменить
UI_20150317_000069	Автомат Продажи Заклинаний
UI_20150317_000070	{@st59}Закрыть Автомат Продажи Заклинаний.
UI_20150317_000071	{@st59}Автомат Продажи Заклинаний{nl} - Вы можете купить за серебро залинание у других игроков.
UI_20150317_000072	Меню Повозки
UI_20150317_000073	{ol}{s22}Выгрузить{/}
UI_20150317_000074	Чтение
UI_20150317_000075	{@st43}Настройки Игры{/}
UI_20150317_000076	{@st64}Используйте ваши клавиши со стрелками, чтобы выбрать ячейку!
UI_20150317_000077	{@st43}Информация о продвижении {/}
UI_20150317_000078	{@st43}Выбор Класса
UI_20150317_000079	Психокинетик
UI_20150317_000080	{@st42}%s Круг {/}
UI_20150317_000081	Сколько кругов
UI_20150317_000082	Показать описание класса.
UI_20150317_000083	{memo X}{@st41b}Атака {@sti7}%s{/}
UI_20150317_000084	{memo X}{@st41b}Потдержка {@sti7}%s{/}
UI_20150317_000085	{memo X}{@st41b}Сложность{@sti7}%s{/}
UI_20150317_000086	{@st59}Закрыть окно информации о Классе{/}
UI_20150317_000087	Сигнал о Продвижении
UI_20150317_000088	{@st43} Продвижение
UI_20150317_000089	{@sti7}{s14} Ур.Персонажа{/} {/}
UI_20150317_000090	{@sti8}{s14} Ур.Класса{/} {/}
UI_20150317_000091	{@st44}Чат{/}
UI_20150317_000092	To. WWWWWWWW and 1 other
UI_20150317_000093	{memo X}Общий: /s чат {nl} Крик: /y чат {nl} Группа: /p чат{nl} Приват: /w Имя персонажа чат
UI_20150317_000094	{@st41}Мир{/}
UI_20150317_000095	{@59}Выйти{/}
UI_20150317_000096	{@59}Принять{/}
UI_20150317_000097	{@st59}Все{/}
UI_20150317_000098	{@st59}Общий (/s chat){/}
UI_20150317_000099	{@st59}Крик (/y chat){/}
UI_20150317_000100	{@st59}Группа (/p chat){/}
UI_20150317_000101	{@st59}Приват (/w team name chat){/}
UI_20150317_000102	{@st59}Настройки окна чата{/}
UI_20150317_000103	{@st43}{s22}Окно Макросов{/}
UI_20150317_000104	{@st43}Макрос{/}
UI_20150317_000105	{@st59b}Макрос {nl} {@st59s} - Как спользовать: {nl} 1. Перетащите иконку Эмоции в любой слот Эмоции в окне.  {nl} 2. Проверьте ваши настройки и подтвердите выбор. {nl} 3. Используйте горячую клавишу, чтобы одновременно использовать фразу и жест. {/}
UI_20150317_000106	{@st59}Закрыть Макрос{/}
UI_20150317_000107	{@st41b}Сохранить {/}
UI_20150317_000108	{@st59}Сохранить свои изменения{/}
UI_20150317_000109	{@st41b}Отмена {/}
UI_20150317_000110	{@st59}Отменить свои изменения{/}
UI_20150317_000111	{@st42}Настройки чата
UI_20150317_000112	{@st42}Прозрачность
UI_20150317_000113	Показать чат balloon
UI_20150317_000114	Показывать крик строкой сверху
UI_20150317_000115	{@st43}Чит Список{/}
UI_20150317_000116	{memo X}{@st42b}Предмет{/}
UI_20150317_000117	{memo X}{@st42b}Монстр{/}
UI_20150317_000118	{memo X}{@st42b}Переместить Карту{/}
UI_20150317_000119	{memo X}{@st42b}Отчет битв{/}
UI_20150317_000120	{@st41b}Закрыть{/}
UI_20150317_000121	{s16}{b}Созать предмет нажав на кнопку Создать или двойным кликом.
UI_20150317_000122	{memo X}{s16}{b}ea
UI_20150317_000123	{memo X}{s16}{b}Ур.
UI_20150317_000124	{@st41b}Поиск{/}
UI_20150317_000125	{s16}{b}Призвать монстра нажав на кнопку Создать или двойным кликом.
UI_20150317_000126	{memo X}{s16}{b}ea
UI_20150317_000127	{s16}{b}Выберите нужную область.
UI_20150317_000128	{s18}{b}Вид мини-карты{/}
UI_20150317_000129	{@st41b}Лист Инструментов{/}
UI_20150317_000130	{@st59b}Коллекция {nl}{@st59s}- Купите Доску для Коллекции и соберите предметы для нее. {nl} - The collection hotkey will be enabled when you use the Collection Deck Item. {nl} {/}
UI_20150317_000131	{@st59}Закрыть Информацию о Коллекции{/}
UI_20150317_000132	{@st43}Коллекции{/}
UI_20150317_000133	{@st43}Цвет Спрея{/}
UI_20150317_000134	{@st49}Цвет Спрея{/}
UI_20150317_000135	{@st49}Цвет{/}
UI_20150317_000136	{@st49}Оставшиеся{/}
UI_20150317_000137	{@st49}Кисть{/}
UI_20150317_000138	{@st49}{a END_EDIT_SPRAY}Рисовать{/}{/}
UI_20150317_000139	{@st49}{a SAVE_EDIT_SPRAY}Сохранить{/}{/}
UI_20150317_000140	{@st49}{a LOAD_EDIT_SPRAY}Импорт{/}{/}
UI_20150317_000141	{@st49}Закрыть{/}
UI_20150317_000142	{@st43} Получение Компаньена
UI_20150317_000143	{@st59} Введите имя нового Компаньена {/}
UI_20150317_000144	{@st41b}Имя{/}
UI_20150317_000145	{@st41b}Цена %s{/}
UI_20150317_000146	{@st59}Закрыть окно Выбора Копаньена {/}
UI_20150317_000147	{@st41b}Выбор
UI_20150317_000148	{@st59}Подтвердить выбор {/}
UI_20150317_000149	{@st43}Магазин Компаньена
UI_20150317_000150	{@st59}Закрыть Магазин Компаньена{/}
UI_20150317_000151	{@st43}Другая Информация о Персонаже{/}{@st42}
UI_20150317_000152	{@st59}Закрыть Информацию о Персонаже{/}
UI_20150317_000153	{@st41b}Информация
UI_20150317_000154	{@st41b}Запись
UI_20150317_000155	Имя Группы
UI_20150317_000156	Имя Персонажа
UI_20150317_000157	Круг {#ffff00}%s{/} %s Ур. {#ffff00}%s{/}
UI_20150317_000158	Воин
UI_20150317_000159	{memo X}Список Приключений {#ffff00}%s{/} (Rank{#ffff00}%s{/}/%s)
UI_20150317_000160	Список Приключений {#ffff00}%s{/} ({#ffff00}Unranked{/})
UI_20150317_000161	Общие Достижения : {#ffff00}%s{/}
UI_20150317_000162	Настройки
UI_20150317_000163	Очистить Заголовок вкладки для удаления Вкладки.
UI_20150317_000164	{@st49}Все{/}
UI_20150317_000165	{@st49}Система{/}
UI_20150317_000166	{@st49}Разговор{/}
UI_20150317_000167	{@st49}Битва{/}
UI_20150317_000168	{@st49}Предмет{/}
UI_20150317_000169	{@st43}Кредиты{/}
UI_20150317_000170	{memo X}{@st43}Закрыть настройки Цели{/}
UI_20150317_000171	Имя НПС
UI_20150317_000172	Компаньен
UI_20150317_000173	Иллюстрации
UI_20150317_000174	Выберите диалог
UI_20150317_000175	Помощь
UI_20150317_000176	{@st41}Создать предмет{/}
UI_20150317_000177	{@st45tw2}Создание предмета...
UI_20150317_000178	%r секунд
UI_20150317_000179	{@st41}Отмена{/}
UI_20150317_000180	{@st45tw2}Количество{/}
UI_20150317_000181	{@st45tw2}Вы хотите создат этот предмет?
UI_20150317_000182	{@st41}Принять{/}
UI_20150317_000183	Информация Задания
UI_20150317_000184	{@st59}Отменить Обмен{/}
UI_20150317_000185	{@st43}Личный Обмен{/}
UI_20150317_000186	Мой Торговый Лист
UI_20150317_000187	Серебро : %s
UI_20150317_000188	{memo X}Ввод
UI_20150317_000189	{@st41}Принять
UI_20150317_000190	{@st41}Подтвердить
UI_20150317_000191	Другие Игроки(%s) торговый список 
UI_20150317_000192	Имя Других Игроков
UI_20150317_000193	{s18}{ol} {gr gradation1}Поле События{/}
UI_20150317_000194	{s20}{ol}Победить Vubbe Tribe! Желаете присоединиться?
UI_20150317_000195	{s20}{ol}%s Желаете присоединиться?
UI_20150317_000196	{s20}{ol}Учасники : (1/5)
UI_20150317_000197	{s20}{ol}Учасники : (%s/%s)
UI_20150317_000198	{s20}{ol}Игра начнется через 1 секунду.
UI_20150317_000199	{s20}{ol}Игра начнется через %s секунд.
UI_20150317_000200	Не показывать больше сегодня.
UI_20150317_000201	Не показывать События на этом Поле.
UI_20150317_000202	Присоединиться к игре
UI_20150317_000203	Начать игру с другим игроком.
UI_20150317_000204	Отклонить запрос Игры.
UI_20150317_000205	Пресет Спрея
UI_20150317_000206	{@st49}Выбрать{/}
UI_20150317_000207	{@st49}Отмена{/}
UI_20150317_000208	{@st49}Удалить{/}
UI_20150317_000209	Введите имя файла для сохранения.
UI_20150317_000210	{@st43}Друзья
UI_20150317_000211	{@st59}закрыть список Друзей{/}
UI_20150317_000212	{@st59b}Друг{nl}{@st59s} - Станьте друзьями с другими участниками в игре. {nl} - Вы можете проверить статус своих друзей через вкладку Список Друзей. {nl} - На вкладке Управление, вы можете пригласить, отклонить или блокировать приглашения друзей. {/}
UI_20150317_000213	{@st41b}Показать друзей в игре{/}
UI_20150317_000214	{@st41b}Список
UI_20150317_000215	{@st41b}Управление
UI_20150317_000216	{@st41b}Запрос в Друзья
UI_20150317_000217	{@st41b}Заблокировать
UI_20150317_000218	{@st59}Поиск{/}
UI_20150317_000219	{@st44}Гильдия{/}
UI_20150317_000220	Гильдия
UI_20150317_000221	Список
UI_20150317_000222	Новости
UI_20150317_000223	Миссия Гильдии
UI_20150317_000224	Игроки Онлайн
UI_20150317_000225	{@st44}Создать Гильдию{/}
UI_20150317_000226	{@st42}Создать{/}
UI_20150317_000227	{@st42}Зарыть{/}
UI_20150317_000228	{@st42}Все{/}
UI_20150317_000229	{@st42}Сегодняшний Рейтинг{/}
UI_20150317_000230	{@st42}Недельный Рейтинг{/}
UI_20150317_000231	{@st56}Уровень {/}
UI_20150317_000232	{@st56}Очки{/}
UI_20150317_000233	{@st56}Класс{/}
UI_20150317_000234	{@st56}Имя {/}
UI_20150317_000235	Предыдущая Страница
UI_20150317_000236	Следующяя Страница
UI_20150317_000237	{@st42}Поиск ID{/}
UI_20150317_000238	Введите ID для поиска
UI_20150317_000239	Закрыть Залл Пламени
UI_20150317_000240	Введите ID для поиска
UI_20150317_000241	{memo X}{@st59} Выносливось {/}
UI_20150317_000242	{@st43}Помощь{/}
UI_20150317_000243	{@st59}Закрыть окно Помощи{/}
UI_20150317_000244	{@st59b}Список Помощи{nl}{@st59s} - Если вам нужна помощь с чем-то, вы всегда можете прочитать справку. {nl} - Выберите тему, чтобы просмотреть дополнительную информацию об этом. {/}
UI_20150317_000245	{@st43}{s22}Помощь{/}
UI_20150317_000246	{@st47_b}{b}Разделы Помощи{/}
UI_20150317_000247	{@st42b}Простая Справка Помощи{/}
UI_20150317_000248	{@st59}Просмотр деталей{/}
UI_20150317_000249	Введите количество
UI_20150317_000250	{@st59}Войдите в разделы{/}
UI_20150317_000251	{@st41b}Подтвердить
UI_20150317_000252	{@st59}Подтвердить {/}
UI_20150317_000253	{@st41b}Закрыть
UI_20150317_000254	{@st59}Отмена{/}
UI_20150317_000255	{@st43}Портал{/}
UI_20150317_000256	{@st59}Закрыть Окно Портала{/}
UI_20150317_000257	{@st59b}Портал{nl}{@st59s} - Позволяет быстро добраться до регионов, которые вы уже посетили. {nl} - Функция становиться доступна, когда две или более точек открыты. {nl} {/}
UI_20150317_000258	{@st41}Текущая Локация : %s{/}
UI_20150317_000259	{@st43}{s22}Портал{/}
UI_20150317_000260	{@st41b}Вы хотите переместиться в эту местность?{/}
UI_20150317_000261	Как насчет Siauliai
UI_20150317_000262	Монет получено : 0
UI_20150317_000263	Начало
UI_20150317_000264	{@st43}Инвентарь{/}
UI_20150317_000265	{@st59}Закрыть Инвентарь{/}
UI_20150317_000266	{memo X}{@st59b}Экипировка {nl} {@st59s}- Прическа/Костюм: Экипировка меняет внешний вид персонажа. {nl} - Оружие: Можно одеть одно-ручное или двуручное оружие  {nl} (суб-оружие / щит может быть одет только с одно-ручным оружием) {nl} - Броня: Верх, Низ, Перчатки, Ботинки. {nl} - Аксесуары: Возможно одеть 1 ожерелье и 2 браслета. {nl} {/}
UI_20150317_000267	{@st59}Головной убор 1{/}
UI_20150317_000268	{@st59}Головной убор 2{/}
UI_20150317_000269	{@st59}Ожерелье{/}
UI_20150317_000270	{@st59}Костюм{/}
UI_20150317_000271	{@st59}Верх{/}
UI_20150317_000272	{@st59}Перчатки{/}
UI_20150317_000273	{@st59}Штаны{/}
UI_20150317_000274	{@st59}Обувь{/}
UI_20150317_000275	{@st59}Левая Рука{/}
UI_20150317_000276	{@st59}Правая Рука{/}
UI_20150317_000277	{@st59}Браслет 1{/}
UI_20150317_000278	{@st59}Браслет 2{/}
UI_20150317_000279	{@st59}Ободок{/}
UI_20150317_000280	{@st59}Поиск{/}
UI_20150317_000281	Вес
UI_20150317_000282	{memo X}{@st43}Эффект Экипировки{/}
UI_20150317_000283	{@st59}Закрыть Ремонт Предметов UI{/}
UI_20150317_000284	{memo X}{@st42}Доступно для Эффекта
UI_20150317_000285	{memo X}{@st42}Костюм{/}
UI_20150317_000286	{memo X}{@st42}Бег
UI_20150317_000287	{memo X}{@st42}Предмет цель{/}
UI_20150317_000288	{@st59}Кольцо 1{/}
UI_20150317_000289	{@st43}Создание Предмета{/}
UI_20150317_000290	{@st42b}Показать что можно Создать{/}
UI_20150317_000291	{@st59}Закрыть Создание Предметов{/}
UI_20150317_000292	{@st43}{s22}Split Item
UI_20150317_000293	{@st59}введите количество{/}
UI_20150317_000294	Полоса  HP монстра
UI_20150317_000295	{@st44}Item Set acquired{/}
UI_20150317_000296	Клавиатура Война
UI_20150317_000297	Убийства
UI_20150317_000298	99 минут 99 секунд
UI_20150317_000299	38000 очков
UI_20150317_000300	Повышающие скорост Зелье
UI_20150317_000301	{@st41}Подтвердить{/}
UI_20150317_000302	{@st59b} Журнал Приключений {nl}{@st59s}- Ваш прогрес в игре записывается в Журнал Приключений. {nl} - You can progress your Adventure Index through contents such as: obtaining items, hunting monsters, crafting and map exploration.{nl}    Adventure Index : The total of all your indexes. {nl}    Growth : 5 points per character level and class level {nl}    Предметы : Equipment : grade X 10 points, Books : 10 points, Others : 1 point {nl}    Monsters : 10 points per monster (50 points for Boss Monsters) {nl}    Maps : 1 point per 10% explored {nl}    Quests : 1 point per quest {nl}    Achievements : Varies by achievement {nl}    Crafting : 10 points {nl}    Collection : 5 points for a deck and 45 points when it is completed {nl} - You can receive special rewards from an NPC in town depending on your Adventure Index. {/}
UI_20150317_000303	{@sti7}{s22}{ds}Достижения{/}
UI_20150317_000304	{@st42b}{#22FF22} Топ 10% / %s Очков{/}
UI_20150317_000305	{@st42b} Средний / %s Очков {/}
UI_20150317_000306	1st / %s Очков
UI_20150317_000307	Ранг %s
UI_20150317_000308	%s Очки
UI_20150317_000309	Профессия
UI_20150317_000310	Команда
UI_20150317_000311	{@st59}Закрыть Журнал Приключений{/}
UI_20150317_000312	{@st43}Ранг журнала Приключений{/}
UI_20150317_000313	{@st43}{s22}Ранг  
UI_20150317_000314	{@st43}{s22}Имя
UI_20150317_000315	{@st43}{s22}Счет
UI_20150317_000316	{@st41}детали{/}
UI_20150317_000317	{@st43}Начать Создание{/}
UI_20150317_000318	{@st59}Начать создание предмета.{/}
UI_20150317_000319	{@st44}Клавишы{/}
UI_20150317_000320	{@st42}Лимит времени
UI_20150317_000321	{@st56}Убийства{/}
UI_20150317_000322	{@st56}Сверхурон{/}
UI_20150317_000323	{@st56}Удары{/}
UI_20150317_000324	{@st56}Смерти{/}
UI_20150317_000325	Сила Залинания
UI_20150317_000326	Защита
UI_20150317_000327	Сопротивление Магии
UI_20150317_000328	Шанс Крита
UI_20150317_000329	{@st43}Слот{/}
UI_20150317_000330	{@st59}Закрыть исмпользование Слота{/}
UI_20150317_000331	Вставьте ваши предметы{/}
UI_20150317_000332	Потенциал	
UI_20150317_000333	{memo X}Цена добавления слота: {#ff9933}%s{/}{nl}Цена извлечения самоцвета : {#ff9933}%s{/}
UI_20150317_000334	{@st41b}Добавить Слот{/}
UI_20150317_000335	{@st41b}Извлеч Камень{/}
UI_20150317_000336	{@st41}Создать{/}
UI_20150317_000337	{@st41}%s %s ea
UI_20150317_000338	Карта Местности
UI_20150317_000339	{memo X}Местность Исследована : 95.5%
UI_20150317_000340	{memo X}{@st45tw}Местность Исследована %s% {/}
UI_20150317_000341	{@st59}Закрыть карту (M){/}
UI_20150317_000342	{@st41}Карта{/}
UI_20150317_000343	Shift(clear), Ctrl(mid fill)
UI_20150317_000344	{ol}Заголовок
UI_20150317_000345	{@st41}Добавить{/}
UI_20150317_000346	{@st41}Удалить{/}
UI_20150317_000347	{@st41}Сохранить{/}
UI_20150317_000348	{@st41}Авто{/}
UI_20150317_000349	{@st41}Сброс{/}
UI_20150317_000350	{@st59}Введите количество.{/}
UI_20150317_000351	{ol}Группа
UI_20150317_000352	{ol}Сообщение
UI_20150317_000353	{ol}Звук
UI_20150317_000354	{@st41}Создать Миникарту{/}
UI_20150317_000355	{@st55}Карта Области
UI_20150317_000356	{@st43}{s22}Магазин{/}
UI_20150317_000357	{@st43}{s24}Магазин{/}
UI_20150317_000358	{@st42b}Фильтр{/}
UI_20150317_000359	{@st42b}Тип{/}
UI_20150317_000360	{@st42b}Рек. Ур{/}
UI_20150317_000361	{@st42b}Заточка Ур{/}
UI_20150317_000362	{@st42b}Имя
UI_20150317_000363	{@st41b}Список Товаров%s
UI_20150317_000364	{@st41b}Продажа
UI_20150317_000365	{@st41b}Поиск
UI_20150317_000366	{@st59}Закрыть Окно Магазина{/}
UI_20150317_000367	{@st42b}Сортировать
UI_20150317_000368	{@st41b}Предмет для продажи
UI_20150317_000369	{@st43}{s22}Кабинет Продаж
UI_20150317_000370	{@st41b}Receive All
UI_20150317_000371	{@st41b} Receive
UI_20150317_000372	{@st43}{s22}Продать
UI_20150317_000373	{@st42b}Количество
UI_20150317_000374	{@st42b}Цена
UI_20150317_000375	{@st42b}Скрыть Имя Продавца{/}
UI_20150317_000376	{@st41b}Добавить
UI_20150317_000377	Siege Coin
UI_20150317_000378	Кто-то был убит кем-то
UI_20150317_000379	{@st43}Мини игра{/}
UI_20150317_000380	{@st49}Огненнаф катапульта{/}
UI_20150317_000381	{@st44}Управление маршрутом{/}
UI_20150317_000382	{@st44}Огонь{/}
UI_20150317_000383	Мини игра
UI_20150317_000384	{s18}{ol}{gr gradation1}Мини-игра прятки{/}
UI_20150317_000385	{s16}Вы хотите присоединиться к мини игре?
UI_20150317_000386	{s16}Участники : (0/5)
UI_20150317_000387	{s16}Участники : (%s /%s)
UI_20150317_000388	{s16}Игра начнется через 1 секунду.
UI_20150317_000389	{s16}Игра начнется через %s секунды.
UI_20150317_000390	{@st59}Увеличить{/}
UI_20150317_000391	{@st59}Уменьшить{/}
UI_20150317_000392	{@st59}Карта (M){/}
UI_20150317_000393	{@st42b} Карота области
UI_20150317_000394	{@st44}Синтезирование предметов{/}
UI_20150317_000395	{s16}{#FFcc66}{ol}Пожалуйста выберите предметы которые вы хотите создать{/}{/}
UI_20150317_000396	{s16}{#FFcc66}{ol}Переместите ингридиенты в слоты
UI_20150317_000397	{@st42}Создать{/}
UI_20150317_000398	{@st42} Отмена {/}
UI_20150317_000399	Информация о %s
UI_20150317_000400	Кепа или ...
UI_20150317_000401	{@st41}{Details}
UI_20150317_000402	{s20}{#050505}Описание Монстров
UI_20150317_000403	{@st41} Убийство {/}
UI_20150317_000404	{@st41} Сверх Убийство {/}
UI_20150317_000405	{@st41} Стандартное Убийство {/}
UI_20150317_000406	{@st41} Местность {/}
UI_20150317_000407	{@st41} Предмет {/}
UI_20150317_000408	{@st41} Достижение {/}
UI_20150317_000409	Объект
UI_20150317_000410	{@st43}Некрономикон{/}
UI_20150317_000411	{@st59}Закрыть некрономикон UI{/}
UI_20150317_000412	{memo X}{@st59}Я слишком ленив, чтобы думать.{/}
UI_20150317_000413	Призванное Создание : {#ffcc33}%s{/}
UI_20150317_000414	{memo X}Гарпия Зомби
UI_20150317_000415	{memo X}Умение : %s
UI_20150317_000416	{memo X}Умение 1, Умение 2
UI_20150317_000417	{memo X}Нужный Фрагмент : %s
UI_20150317_000418	{memo X}Зверь 60 / Насекомое 20/ Мутант 10
UI_20150317_000419	Номер Фрагмента
UI_20150317_000420	{memo X}Часть 1
UI_20150317_000421	{memo X}Часть 2
UI_20150317_000422	{memo X}Часть 3
UI_20150317_000423	Поздравляем! Твой уровень увеличился.
UI_20150317_000424	Тревога предмета
UI_20150317_000425	{@st64}Детали{/}
UI_20150317_000426	Как играть
UI_20150317_000427	{@st42b}Используйте для движения одну из{nl} клавиш{/}
UI_20150317_000428	{@st42b}Используйте {nl}базовую атаку{/}
UI_20150317_000429	{@st42b}Прыжок{/}
UI_20150317_000430	{@st42b}Используйте две клавиши для движения по диагонали{/}
UI_20150317_000431	Устройство для тумана карты
UI_20150317_000432	Устройство для убиства монстров
UI_20150317_000433	Устройство для создания мини-карт
UI_20150317_000434	Диалоговый инструмент
UI_20150317_000435	{@st43}GM Настройки{/}
UI_20150317_000436	{@st59}Закрыть Информацию о Группе{/}
UI_20150317_000437	{@st59b}Информация о Группе{nl}{@st59s} - Нажмите на кнопку "Создать партию" в нижней части, чтобы создать партию. {nl} - Щелкните правой кнопкой мыши на других игроках, чтобы отправить приглашение в группу. {nl} - Изменения могут быть внесены в группу через вкладку Настройки. {nl} - Настройте конкретные условия для поиска членов группы из Списка Общественных Групп. {/}
UI_20150317_000438	{@st43}Информация о Группе{/}
UI_20150317_000439	{@st41b}Участник{/}
UI_20150317_000440	{@st41b}Событие Группы {/}
UI_20150317_000441	{@st41b}Настройки{/}
UI_20150317_000442	{memo X}{@st41}Участники{/}
UI_20150317_000443	{memo X}{@st41}Conditions for joining party
UI_20150317_000444	{memo X}{@st41b}Всем
UI_20150317_000445	{memo X}{@st41b}Лично
UI_20150317_000446	{memo X}Рекомендуемый уровень ~
UI_20150317_000447	{memo X}{@st41}Приоритет предметов
UI_20150317_000448	{memo X}{@st41b}Индивидуальный Лут
UI_20150317_000449	{memo X}{@st41b}Round Robin
UI_20150317_000450	{memo X}{@st41b}Случайно
UI_20150317_000451	{memo X}{@st41}Приоритет EXP
UI_20150317_000452	{memo X}{@st41b}EXP Индивидуально
UI_20150317_000453	{memo X}{@st41b}EXP Поровну
UI_20150317_000454	{memo X}{@st41b}По Уровню
UI_20150317_000455	{memo X}{@st41}Поделится Заданием
UI_20150317_000456	{memo X}{@st41b}Включено
UI_20150317_000457	{memo X}{@st41b}Отключено
UI_20150317_000458	{@st41b}Создать Группу
UI_20150317_000459	{@st43}Публичный Список Групп {/}
UI_20150317_000460	{@st59b}Публичный Список Групп{nl}{@st59s} - Найдите группу к которой хотите присоединится. {nl} - Нажмите "Использовать поиск" для использования ваших условий поиска, чтобы найти желаемые группы. {/}
UI_20150317_000461	{@st59}Закрыть Лист Группы{/}
UI_20150317_000462	использовать Поиск
UI_20150317_000463	Задание на группу
UI_20150317_000464	Приоритет Опыта
UI_20150317_000465	Приоритет предметов
UI_20150317_000466	{@st43}Принять
UI_20150317_000467	{@st41b}Принять{/}
UI_20150317_000468	{memo X}{s18}{ol}{gr gradation1}Выйти из  правил PC{/}
UI_20150317_000469	{ol}Условия Условия Макроса
UI_20150317_000470	{ol}Действие Макроса 
UI_20150317_000471	Введите имя для Макроса
UI_20150317_000472	{Gr gradation1}Регистрация{/}
UI_20150317_000473	Правила Регистрации
UI_20150317_000474	{Gr gradation1}Отмена{/}
UI_20150317_000475	Отменить Действие
UI_20150317_000476	{@st43}Информация Копаньена
UI_20150317_000477	{@st59b} Информация Копаньена{nl}{@st59s} - Вы можете призвать или отозвать своего Компаньена используя кнопку ниже. {nl} - Атрибуты и предметы экипированные на вашего Компаньона можно настроить. {/}
UI_20150317_000478	{@st59}Close Companion Info{/}
UI_20150317_000479	{memo X}{@st41b}Имя : {@sti9}%s{/}
UI_20150317_000480	{memo X}{@sti9}%s{@st41b}Closeness : {@sti9}%s {@st41b}Level{/}
UI_20150317_000481	{memo X}{@st41b}EXP{/}
UI_20150317_000482	{memo X}{@st41b}Выносливость{/}
UI_20150317_000483	{memo X}{@st41b}Closeness{/}
UI_20150317_000484	{memo X}{@st41b}Свойства и информации
UI_20150317_000485	{@st43}Компания{/}
UI_20150317_000486	{@st59b}Companion{nl}{@st59s} - Нажмите на предмет для получения дополнительной информации. {/}
UI_20150317_000487	{@st59}Закрыть Компанию{/}
UI_20150317_000488	{@st59}Закрыть окно Помощи{/}
UI_20150317_000489	{@st59}Помощь{nl} - Просмотреть подробную информацию и советы. {nl} - Просмотреть другие темы из списка Помощь{/}
UI_20150317_000490	{@st43}Помощь{/}
UI_20150317_000491	Разделы Помощи
UI_20150317_000492	{ol}{#AAAA00}{s16}Прошло времени : %s
UI_20150317_000493	{@st43}Котел для яда{/}
UI_20150317_000494	{@st59}Закрыть котел для яда UI{/}
UI_20150317_000495	{@st59}Need to write{/}
UI_20150317_000496	{memo X}Amount of poison: %s
UI_20150317_000497	{memo X}Предмет не может быть использован для создания яда
UI_20150317_000498	{memo X}Выбрать Все
UI_20150317_000499	Нажмите еще раз для отмены выбора
UI_20150317_000500	{memo X}Создание
UI_20150317_000501	{memo X}пермешиваем, перемешиваем, смешиваем и перемешиваем 
UI_20150317_000502	{@st43}Категория{/}
UI_20150317_000503	{@st43}Я{/}
UI_20150317_000504	{@st43}Объект{/}
UI_20150317_000505	{@st43}Уровень{/}
UI_20150317_000506	{@st43}Серебро{/}
UI_20150317_000507	{@st43}Рейт{/}
UI_20150317_000508	{@st43}PvP Win/Loss Ratio{/}
UI_20150317_000509	{@st59}Закрыть{/}
UI_20150317_000510	{@sti5}Конечная цена покупки : %s{/}
UI_20150317_000511	{@sti5}Общая Цена покупки : %s{/}
UI_20150317_000512	{@st41b} Купть
UI_20150317_000513	{memo X}{@st43}Получены материалы для создания предмета!
UI_20150317_000514	{@st43}Magnum Opus{/}
UI_20150317_000515	{@st41}Удалить все
UI_20150317_000516	{memo X}{@st42}Pension object {@stx1}(%s required){/}
UI_20150317_000517	{@st41}Объединение
UI_20150317_000518	{@st43}Задание{/}
UI_20150317_000519	{@st59b}Задания{nl}{@st59s} - Когда вы берете новое задание, оно добавляется в Окно Заданий. {nl} -Главный квест отображается желтым цветом, в то время как второстепенные отображается синим. {nl} - Указатель под ногами персонажа приведет к месту расположения Задания. {nl} - Если вы выполнили квест,появится значок «Возврат» в Окне Заданий. {nl}    (Перенесет вас к месту Задания нажатие клавиши Backspace или щелчек мыши) {nl} - Добавить или удалить задания в Окне Заданий сняв флажок напротив названия квеста. {/}
UI_20150317_000520	{@st41b}В процессе{/}
UI_20150317_000521	{@st41b}Отменить{/}
UI_20150317_000522	{@st43}{s22}Информация О задании{/}
UI_20150317_000523	Миссия Выполнена
UI_20150317_000524	{@st41}Выполнено{/}
UI_20150317_000525	Прогресс Задания
UI_20150317_000526	{s18}{ol}Информация о задании
UI_20150317_000527	{s16}Время останось
UI_20150317_000528	Использовать предмет для задания
UI_20150317_000529	Примечание к заданию
UI_20150317_000530	{@st41}Подтвердить{/}
UI_20150317_000531	{@st43}{s22}Задание Выполнено{/}
UI_20150317_000532	{@st41b}Выполнено{/}
UI_20150317_000533	{@st41}Принять{/}
UI_20150317_000534	{@st41}Отклонить{/}
UI_20150317_000535	{@st44}Назад{/}
UI_20150317_000536	К какому заданию вы хотите вернуться?
UI_20150317_000537	{memo X}{@st41b}Quest class name{/}
UI_20150317_000538	{@st59}Раскрыть слот {/}
UI_20150317_000539	{@st59}Свернуть слот{/}
UI_20150317_000540	{memo X}{@st59}Призвать Компаньена.{/}
UI_20150317_000541	{@st44}Меню{/}
UI_20150317_000542	{@st60}Выбор персонажа{/}
UI_20150317_000543	{@st60}Выйти{/}
UI_20150317_000544	{@st60}Покинуть Игру{/}
UI_20150317_000545	{@st60}Настройки игры{/}
UI_20150317_000546	{@st60}Назад{/}
UI_20150317_000547	{@st41}Пропустить Обучение{/}
UI_20150317_000548	{@st41}Выбор Персонажа{/}
UI_20150317_000549	{@st41}Выйти{/}
UI_20150317_000550	{@st41}Покинуть игру{/}
UI_20150317_000551	{@st41}Назад{/}
UI_20150317_000552	{@st43}{s22}Соберите Рейд!
UI_20150317_000553	{@st41b}Монстры приближаются к окраине города, замку. Только вы можете решить эту проблему.
UI_20150317_000554	{@st43}{s22}Настройки Игры{/}
UI_20150317_000555	{@sti7}Поиск Группы для рейда...{/}
UI_20150317_000556	{@st41b}Отказаться от участия
UI_20150317_000557	{@st41b}Я сделаю что-нибудь с этим!
UI_20150317_000558	{@st41b}Я не думаю, что я могу помочь в этот раз ...
UI_20150317_000559	{@sti7}{s24}Выбери Награду за Рейд{/}
UI_20150317_000560	{@st42b}Оставшееся время {@st43}%s{@st42b} секунд{/}
UI_20150317_000561	{@st41b}Увеличить число выбора
UI_20150317_000562	{@43b}{s22} No. раз выбора : {@st43}%s{/}
UI_20150317_000563	shadow_box tentativeremoval
UI_20150317_000564	{@st43}Рейтинг{/}
UI_20150317_000565	{@st59}Закрыть окно рейтинга{/}
UI_20150317_000566	{@st41}Топ Убийц Мостров 100{/}
UI_20150317_000567	{@st41}Топ Урона 100{/}
UI_20150317_000568	{@st41}Денег Денег Топ 100{/}
UI_20150317_000569	{@st41}Топ Уровня Персонажа 100{/}
UI_20150317_000570	{@st41b}Меню{/}
UI_20150317_000571	{@st43}{s22}Улучшить Предмет{/}
UI_20150317_000572	{@st41b}Выбранный Предмет
UI_20150317_000573	{@st41b}Наковальня
UI_20150317_000574	{@st41}{s20}Ударов по Наковальне :{@st43} %s
UI_20150317_000575	{@st41} {s20}Цена : %s
UI_20150317_000576	{@st41b}Улучшить{/}
UI_20150317_000577	{@st59}Начать Улучшение предмета{/}
UI_20150317_000578	{@st59}Закрыть Улучшение{/}
UI_20150317_000579	{@st41b}Вы хотите заточить {@sti9}×%s{/} выбранный предмет?{/}
UI_20150317_000580	{memo X}{@st43}Улучшить
UI_20150317_000581	{@st44}Улучшить Предмет{/}
UI_20150317_000582	{s24}{b}{#000000}Улучшение Выполнено!
UI_20150317_000583	{@st41}Улучшить снова{/}
UI_20150317_000584	{@st41}Закрыть{/}
UI_20150317_000585	{s18}{ol}{gr gradation1}Починить Экипировку{/}
UI_20150317_000586	Одетая Экипировка
UI_20150317_000587	Дополнительная Экипировка
UI_20150317_000588	{Gr gradation1}Выбрать Все{/}
UI_20150317_000589	Выбрать все
UI_20150317_000590	{Gr gradation1}Ремонтировать{/}
UI_20150317_000591	{@st43}Починить{/}
UI_20150317_000592	{memo X}Список предметов для Починки
UI_20150317_000593	{@st41b}Цена Починки{/}
UI_20150317_000594	{@st41b}После Починки{/}
UI_20150317_000595	{@st41b}Починить Снаряжение{/}
UI_20150317_000596	Починить Выбранное Снаряжение.
UI_20150317_000597	{@st59}Закрыть Ремонт Предметов{/}
UI_20150317_000598	{@st43}Ремонтировать Предмет{/}
UI_20150317_000599	{@st41}Список предметов для ремонта{/}
UI_20150317_000600	{@st44}Починить предмет{/}
UI_20150317_000601	{@st42}Починить{/}
UI_20150317_000602	{@st59}Починить выбранное{/}
UI_20150317_000603	{@st59}Не чинить{/}
UI_20150317_000604	{@st44}Вернуть{/}
UI_20150317_000605	{memo X}{@st41b}Вы стали {/}{s20}{#cc6600}{ol} недееспособны{/}{@st41b}{/}
UI_20150317_000606	{memo X}{@st41b}Восстать рядом с точкой возврата{/}
UI_20150317_000607	{memo X}{@st41b}Восстать тут (requires %s iCoins) {/}
UI_20150317_000608	{memo X}{@st41b}Вернуться на поле{/}
UI_20150317_000609	{memo X}{@st41b}Отменить квест и взять снова{/}
UI_20150317_000610	{memo X}{@st41b}Попробовать Снова{/}
UI_20150317_000611	Святилище Воскресения (70031)
UI_20150317_000612	Требуемый предмет отсутствует
UI_20150317_000613	Сбросить Слоты
UI_20150317_000614	{@st43}Диалоговое окно{/}
UI_20150317_000615	Временное Имя
UI_20150317_000616	{memo X}{@st41b} {s18} В вашем инвентаре не хватает места. 
UI_20150317_000617	{memo X}Вы не можете взять этот предмет, инвентарь переполнен{nl}Убедитесь что в вашем инвентаре есть место.
UI_20150317_000618	{@st44}Set Item acquired!{/}
UI_20150317_000619	Пожалуста выберите предмет
UI_20150317_000620	{memo X}{@st59b} магазин {nl} {@st59s} - Если вы хотите купить несколько предметов, щелкните правой кнопкой мыши{nl} - Используйте двойной щелчек правой кнопкой мыши если вы хотите указать количество для продажи. {/}
UI_20150317_000621	{@st59}Закрыть магазин{/}
UI_20150317_000622	{@st59}Первая страница{/}
UI_20150317_000623	{@st59}Дальше{/}
UI_20150317_000624	{@st59}Обратно{/}
UI_20150317_000625	{@st41b}Очистить{/}
UI_20150317_000626	{@st59}Очистить Корзину{/}
UI_20150317_000627	{@st41b}Подтвердить{/}
UI_20150317_000628	{@st59}Подтвердить сделку{/}
UI_20150317_000629	{@st43}Магазин{/}
UI_20150317_000630	{@st41b}Предмет куплен{/}
UI_20150317_000631	{@st41b}Предметы проданы{/}
UI_20150317_000632	{memo X}{@st41b}Цена{/}
UI_20150317_000633	{memo X}{@st41b}Баланс{/}
UI_20150317_000634	{memo X}{@st41b}Проданные Предметы{/}
UI_20150317_000635	{@st41}Пустые слоты{/}
UI_20150317_000636	{@st43}Всего{/}
UI_20150317_000637	{@st41}Settle Transaction{/}
UI_20150317_000638	{@st41}После перевода{/}
UI_20150317_000639	{@st41}Предметы куплены{/}
UI_20150317_000640	{memo X}{@sti1c}Simony
UI_20150317_000641	{@st41}Crafting Skills
UI_20150317_000642	{@st42}Уровень %s{/}
UI_20150317_000643	Цена Создания
UI_20150317_000644	Количество Создания
UI_20150317_000645	Примерно %s секунд понадобится
UI_20150317_000646	{@st41}Создать
UI_20150317_000647	{memo X}{@st43}Умения и Свойства{/}
UI_20150317_000648	{memo X}{@st59}Закрыть Классы и Умения{/}
UI_20150317_000649	{@st59b}Классы{nl}{@st59s}- Вы можете выучить новые навыки в Группе вашего класса. {nl} - Вы можете выбрать один из 3 доступных классов, для перехода от 1го ко 2му развитию. {nl} - Вы можете выбирать один и тот же класс до 3х раз. {nl} - Вы не можете вернуться к предыдущему классу, как только вы выбрали другой класс. {nl} - Вы должны использовать все очки навыков чтобы перейти к дальнейшему развитию. {nl} - Вы можете выбрать тот же класс.{nl}{@st59b}Навыки{nl}{@st59s} - Вы можете увеличить ранг каждого навыка до 5го уровня.{nl} - Атрибуты изученные у ваших Мастеров можно увидеть ниже ваших навыков. {/}
UI_20150317_000650	{memo X}{@st41b}Применить{/}
UI_20150317_000651	{@st59}Применить{/}
UI_20150317_000652	Клерик
UI_20150317_000653	{@st59}Отмена{/}
UI_20150317_000654	Выучить {#ff4400}%s (Ур. %s){/}...
UI_20150317_000655	Psychohassle
UI_20150317_000656	%s minutes left
UI_20150317_000657	{@st43}Позы{/}
UI_20150317_000658	{@st59}Закрыть Позы{/}
UI_20150317_000659	{@st41}Доска{/}
UI_20150317_000660	{@st41}Торговля{/}
UI_20150317_000661	{@st41}Социальные умения{/}
UI_20150317_000662	{@st41b}Писать{/}
UI_20150317_000663	{@st41}Записать{/}
UI_20150317_000664	{@st59}Записать пост{/}
UI_20150317_000665	{@st41}начать Мою Страницу{/}
UI_20150317_000666	{@st59}Опубликовать Мою Страницу{/}
UI_20150317_000667	{@st59}Редактировать Приветствие{/}
UI_20150317_000668	{@st41b}1. Меню{/}
UI_20150317_000669	{@st41}Посетить{/}
UI_20150317_000670	{@st59}Посетить мою страницу{/}
UI_20150317_000671	{@st41}Продать{/}
UI_20150317_000672	{@st59}продать Предмет{/}
UI_20150317_000673	{@st43}Living{/}
UI_20150317_000674	{@st59}Close living{/}
UI_20150317_000675	{@st41}Смотреть все{/}
UI_20150317_000676	{@st41}Создать карту{/}
UI_20150317_000677	{@st41}%s/min (%s in hand){/}
UI_20150317_000678	Клавиатура Война
UI_20150317_000679	{@st42}%s{/}{@st42_yellow}Level{/}
UI_20150317_000680	{@st41_yellow}Employment Time
UI_20150317_000681	{@st43}Граффити{/}
UI_20150317_000682	{@st59}Закрыть спрей{/}
UI_20150317_000683	{@st41b}Tip : Draw a picture in the frame below{/}
UI_20150317_000684	{@st41b}Цвета{/}
UI_20150317_000685	{@st41b}Качество{/}
UI_20150317_000686	{@st41b}Кисть{/}
UI_20150317_000687	{@st43}Рисовать{/}
UI_20150317_000688	{@st59}Нарисовать конечную эмблему на земле.{/}
UI_20150317_000689	{@st41b}{a SAVE_EDIT_SPRAY}Сохранить{/}{/}
UI_20150317_000690	{@st59}Сохранить рисунки{/}
UI_20150317_000691	{@st41b}{a LOAD_EDIT_SPRAY}Загрузить{/}{/}
UI_20150317_000692	{@st59}Загрузите изображения которые вы нарисовали.{/}
UI_20150317_000693	{@st59}Выбрать цвет 1{/}
UI_20150317_000694	{@st59}Выбрать цвет 2{/}
UI_20150317_000695	{@st59}Список Цветов{/}
UI_20150317_000696	{@st59}Выбранная Кисть{/}
UI_20150317_000697	{@st59}Кисть 1{/}
UI_20150317_000698	{@st59}Кисть 2{/}
UI_20150317_000699	{@st59}Кисть 3{/}
UI_20150317_000700	{@st59}Кисть 4{/}
UI_20150317_000701	{@st59}Кисть 5{/}
UI_20150317_000702	{@st59}Кисть 6{/}
UI_20150317_000703	{@st49}Люди, которым это понравилось{/}
UI_20150317_000704	{s20}{#050505}Показывать всегда
UI_20150317_000705	{@st41} Все {/}
UI_20150317_000706	{@st41} Группа {/}
UI_20150317_000707	{@st41} Монстр {/}
UI_20150317_000708	{memo X}{@st41b}{#f0dcaa}Оставшиеся статусные очки ▶ {@st46}%s
UI_20150317_000709	{@st59b}Моя Информация{nl}{@st59s}- Статус : Когда уровень увеличится, вы можете использовать очки опыта что-бы улучшить один из 5 параметров. {nl}- Информация : Эта информация о вашем персонаже отражающая статус и экипировку. {nl}- Титул : Титул дается за особые достижения. {nl} {/}
UI_20150317_000710	{@st41b}Информация{/}
UI_20150317_000711	{memo X}{@st41b}Титул{/}
UI_20150317_000712	Показать Класс
UI_20150317_000713	{@st41b}Показать Имя Персонажа
UI_20150317_000714	{@st59}Сменить Имя Персонажа{/}
UI_20150317_000715	{memo X}{@st41b}Применить
UI_20150317_000716	{@st59}Применить{/}
UI_20150317_000717	{@st41b}Отмена
UI_20150317_000718	{memo X}{@st59}Отмена{/}
UI_20150317_000719	PC Name
UI_20150317_000720	{@st41_yellow}Уровень: {@st41}%s{/}
UI_20150317_000721	{memo X}{@st41_yellow}Навык Торговли
UI_20150317_000722	{@st43}Эффекты Атаки{/}
UI_20150317_000723	{@st43}Эффекты Защиты{/}
UI_20150317_000724	{@st43}Стат{/}
UI_20150317_000725	systemmenu_vertical tentative removal
UI_20150317_000726	{@st59}Характеристики Персонажа (F1){/}
UI_20150317_000727	{@st59}Инвентарь(F2){/}
UI_20150317_000728	{@st59}Классы и Умения (F3){/}
UI_20150317_000729	{@st59}Журнал Приключений (F4){/}
UI_20150317_000730	{@st59}Задания (F5){/}
UI_20150317_000731	{@st59}Группа (F6){/}
UI_20150317_000732	{@st59}Друзья(F7){/}
UI_20150317_000733	{@st59}Макрос (F8) {/}
UI_20150317_000734	{@st59}Компаньен (F9) {/}
UI_20150317_000735	{@st59}Помощь (F10) {/}
UI_20150317_000736	{@st59}Системное Меню (Esc){/}
UI_20150317_000737	{@st59}Некрономикон{/}
UI_20150317_000738	Помощь(F1)
UI_20150317_000739	Контент
UI_20150317_000740	Детали
UI_20150317_000741	{@st43}Настройки игры{/}
UI_20150317_000742	{@st43}Игра{/}
UI_20150317_000743	{memo X}{@st41b}Показать полученный EXP{/}
UI_20150317_000744	{memo X}{@st41b}Показывать Имена Персонажей{/}
UI_20150317_000745	{memo X}{@st41b}Показывать только имя группы{/}
UI_20150317_000746	{memo X}{@st41b}Показать Список Заданий{/}
UI_20150317_000747	{@st43}Разрешение{/}
UI_20150317_000748	{@st43}Графика{/}
UI_20150317_000749	{memo X}{@st41b}На весь экран{/}
UI_20150317_000750	{memo X}{@st41b}В окне{/}
UI_20150317_000751	{@st43}Звук{/}
UI_20150317_000752	{memo X}{@st41b}Громкость Звуковых Эффектов (%s){/}
UI_20150317_000753	{memo X}{@st41b}Громкость BGM (%s){/}
UI_20150317_000754	{memo X}{@st41b} Громкость (%s){/}
UI_20150317_000755	{@st43}{b}Выбор Языка{/}
UI_20150317_000756	{@st59}Закрыть Настройки{/}
UI_20150317_000757	{memo X}Низкое качество {@st41b} {/}
UI_20150317_000758	{@st41b}Вид{/}
UI_20150317_000759	{@st59}Credits{/}
UI_20150317_000760	Target buff window
UI_20150317_000761	{@st46}IMC's picture
UI_20150317_000762	{@st46}%s's picture
UI_20150317_000763	{@st46}Like
UI_20150317_000764	{@st46}Репорт
UI_20150317_000765	{@st46}Use preservatives
UI_20150317_000766	{@st46}Удалить изображение
UI_20150317_000767	Snow Hallucination
UI_20150317_000768	Букет
UI_20150317_000769	{@st41} Подарки
UI_20150317_000770	Введите количество
UI_20150317_000771	{@st53b}%s Побед %s Поражений
UI_20150317_000772	{@st42}Рассписание на сегодня
UI_20150317_000773	{@st53}Начать :
UI_20150317_000774	{@st53b}Подарки отправлены : ×%s
UI_20150317_000775	{@st43b}Отправить подарок %s{/}
UI_20150317_000776	{@st55_a}Следующая игра
UI_20150317_000777	{@st53}- Щелкните на имени для просмотра{nl}- Щелкните правой кнопкой мыши, чтобы отправить подарок
UI_20150317_000778	Направить камеру на персонажа
UI_20150317_000779	{@st55_a}Поздравления!
UI_20150317_000780	{@st42}Сменить камеру
UI_20150317_000781	{@st44}Журнал Приключений{/}
UI_20150317_000782	{@st59}Смена настроек просмотра{/}
UI_20150317_000783	{@st41} Статистика {/}
UI_20150317_000784	{@st41}Создание {/}
UI_20150317_000785	{@st41} Охота {/}
UI_20150317_000786	{@st41} Помощь {/}
UI_20150317_000787	{@st44}Wiki страница{/}
UI_20150317_000788	{@st42}Информация{/}
UI_20150317_000789	{@st42}Детали{/}
UI_20150317_000790	{@st42}Битва{/}
UI_20150317_000791	{@st42}Купить{/}
UI_20150317_000792	{@st59}Закрыть страницу{/}
UI_20150317_000793	{memo X}{@st43}Поле Сражения
UI_20150317_000794	{memo X}{@st59}Закрыть Поле сражения.
UI_20150317_000795	{memo X}(Bronze 3)
UI_20150317_000796	{@sti8}Очки доступные сегодня : {nl}%s{/}
UI_20150317_000797	{@st41}Магазин за очки
UI_20150317_000798	{@st41}Рассположение
UI_20150317_000799	{memo X}{@st42}Battlefield schedule
UI_20150317_000800	{@st42}Recent Records
UI_20150317_000801	{@st41}Receive EXP
UI_20150317_000802	{@st41}PvP Page
UI_20150317_000803	{@st41}Поиск
UI_20150317_000804	{memo X}{@st43}Ранг Поля сражения
UI_20150317_000805	{memo X}{@st59}Закрыть Ранг Поля сражения
UI_20150317_000806	{@st56}Имя Умения{/}
UI_20150317_000807	{@st41}Просмотр координат{/}
UI_20150317_000808	{@st41}Найти{/}
UI_20150317_000809	{@st42b}Manage monster regen{/}
UI_20150317_000810	{@st42b}Список Монстров{/}
UI_20150317_000811	{@st42b}Создать UI{/}
UI_20150317_000812	{@st42b}Туман Карты{/}
UI_20150317_000813	{@st42b}Создать Карту{/}
UI_20150317_000814	{@st42b}Создать Миникарту{/}
UI_20150317_000815	{@st42b}Диалог{/}
UI_20150317_000816	{@st42b}Выбрать награду{/}
UI_20150317_000817	{@st42b}Group regen{/}
UI_20150317_000818	{@st42b}Set map location{/}
UI_20150317_000819	{@st42b}Карта Умений{/}
UI_20150317_000820	{@st42b}Спсок событий{/}
UI_20150317_000821	{@st42b}Показать координаты{/}
UI_20150317_000822	{@st42b} Check XAC, texture path{/}
UI_20150317_000823	{@st42b}Производительность ON/OFF{/}
UI_20150317_000824	Список Бесед
UI_20150317_000825	Поиск
UI_20150317_000826	{@st41}Просмотр{/}
UI_20150317_000827	{@st41}Отключить{/}
UI_20150317_000828	{@st41}Удалить{/}
UI_20150317_000829	{@st41}Сохранить все{/}
UI_20150317_000830	{@st41}Применить изображение{/}
UI_20150317_000831	{#FFFFFF}{ds}Выбрать Событие
UI_20150317_000832	{#FFFFFF}{ds}Редактировать Событие
UI_20150317_000833	{ol}Список
UI_20150317_000834	Сохранить имя группы
UI_20150317_000835	{@st42}Создать Новую{/}
UI_20150317_000836	{@st41}Group regen{/}
UI_20150317_000837	{@st59}Введите имя Монстра для поиска{/}
UI_20150317_000838	{@st59}Введите имя Группы{/}
UI_20150317_000839	{@st41}Новая Группа{/}
UI_20150317_000840	Фильтр
UI_20150317_000841	{@st59}Введите Фильтр{/}
UI_20150317_000842	{ol}Свойство значения
UI_20150317_000843	Список Классов
UI_20150317_000844	Apply to XML
UI_20150317_000845	{#FFFFFF}{ds}Лог
UI_20150317_000846	{#FFFFFF}{ds}Посмотреть все Свойства
UI_20150317_000847	Введите слово для поиска
UI_20150317_000848	All attribute values
UI_20150317_000849	{ol}Имя
UI_20150317_000850	{ol}Value
UI_20150317_000851	Rogue
UI_20150317_000852	{ol}Revision
UI_20150317_000853	{ol}Rogue
UI_20150317_000854	Список Классов
UI_20150317_000855	XML Conversion
UI_20150317_000856	{ol}Имя Класса
UI_20150317_000857	{ol}Приоритет Имени
UI_20150317_000858	{ol}Changed value
UI_20150317_000859	{ol}Применить
UI_20150317_000860	Открыть папку
UI_20150317_000861	Проверить все
UI_20150317_000862	История
UI_20150317_000863	Вернуть значение
UI_20150317_000864	{ol}Выбрать предмет
UI_20150317_000865	Введите имя которое вы хотите найти
UI_20150317_000866	{@st42}Подтвердить{/}
UI_20150317_000867	{@st41}Создать UI{/}
UI_20150317_000868	{ol}Frame
UI_20150317_000869	{@st41}Frame{/}
UI_20150317_000870	{@st41}Кнопка{/}
UI_20150317_000871	{@st41}Текст{/}
UI_20150317_000872	{@st42b}Обычный{img btn_close}
UI_20150317_000873	{@st42b}Аукцион{img btn_close}
UI_20150317_000874	{@st41}Выбрать локацию{/}
UI_20150317_000875	{@st41}Преименовать{/}
UI_20150317_000876	{@st59}Введите слово для фильтра{/}
UI_20150317_000877	{@st41}Создать{/}
UI_20150317_000878	{@st56}XML сохранить{/}
UI_20150317_000879	{@st56}Сбросить{/}
UI_20150317_000880	{@st56}Аттрибут{/}
UI_20150317_000881	{@st56}Значение{/}
UI_20150317_000882	{@st42}Содержание{/}
UI_20150317_000883	{@st41}Вернуть{/}
UI_20150317_000884	{@st41}Сохранить Все{/}
UI_20150317_000885	{@st41}XML Открыть{/}
UI_20150317_000886	{@st42b}Fixed Skill : 0{/}
UI_20150317_000887	{@st42b}Fixed skill : %s{/}
UI_20150317_000888	{@st42b}Автонавидение мыши{/}
UI_20150317_000889	{@st42b}Имя Навыка{/}
UI_20150317_000890	{@st41}Список Монстров{/}
UI_20150317_000891	{@st41}Менеджер Производительности{/}
UI_20150317_000892	{ol}Выбрать Задание
UI_20150317_000893	Введите имя квеста для поиска
UI_20150317_000894	{ol}Выберите карту
UI_20150317_000895	Введите имя Карты для поиска
UI_20150317_000896	{@st42}Текущая карта{/}
UI_20150317_000897	{ol}Имя карты
UI_20150317_000898	{ol}Координаты
UI_20150317_000899	{@st41}Сменинить Награду{/}
UI_20150317_000900	{@st59}Введите имя задания для поиска{/}
UI_20150317_000901	{@st59}Введите имя предмета для поиска{/}
UI_20150317_000902	{@st42}EXP
UI_20150317_000903	{ol}Основная Награда
UI_20150317_000904	{ol}Количество
UI_20150317_000905	{ol}Дополнительная Награда
UI_20150317_000906	{@st45}Часто используемые коды
UI_20150317_000907	{@st41}Дерево Навыков{/}
UI_20150317_000908	{@st42}Способности{/}
UI_20150317_000909	{@st42}Воин{/}
UI_20150317_000910	{@st42}Маг{/}
UI_20150317_000911	{@st42}Лучник{/}
UI_20150317_000912	{@st42}Монах{/}
UI_20150317_000913	{@st42}Волшебник{/}
UI_20150317_000914	{memo X}{@st41}Навык{/}
UI_20150317_000915	{memo X}{@st59}Загрузить Xml{/}
UI_20150317_000916	{memo X}{@st41}Загрузить{/}
UI_20150317_000917	{memo X}{@st59}Сохранить xml{/}
UI_20150317_000918	{memo X}{@st59}Reset Open Skill map{/}
UI_20150317_000919	{memo X}{@st41}Сброс{/}
UI_20150317_000920	{memo X}{@st59}Reset all Skill  maps{/}
UI_20150317_000921	{memo X}{@st41}Сбросить все{/}
UI_20150317_000922	{memo X}{S18}Удалить скрипт
UI_20150317_000923	{memo X}{S18}Строка аргумента
UI_20150317_000924	{memo X}{s18}Строка 1 аргумента
UI_20150317_000925	{memo X}{s18}Строка 2 аргумента
UI_20150317_000926	{memo X}{s18}Максимальный Уровень Умения
UI_20150317_000927	{memo X}{@st59}Remove script type box{/}
UI_20150317_000928	{memo X}{@st59}Remove script argument{/}
UI_20150317_000929	{memo X}{@st59}Максимальный Уровень Умения{/}
UI_20150317_000930	{memo X}{@st59}Сохранить свойство{/}
UI_20150317_000931	{memo X}{@st41}Save Property{/}
UI_20150317_000932	{@st44}Список Интерфейса{/}
UI_20150317_000933	{ds}Addon List
UI_20150317_000934	{ds}Fixed frame list
UI_20150317_000935	{@st42}Список Интерфейса{/}
UI_20150317_000936	{@st59}Показать список Интерфейса{/}
UI_20150317_000937	{@st42}Отрегулируйте расположение{/}
UI_20150317_000938	{@st59}Отрегулируйте расположение{/}
UI_20150317_000939	{@st42}Отрегулируйте свойства{/}
UI_20150317_000940	{@st59}Отрегулируйте свойства{/}
UI_20150317_000941	{@st42}Сохранить{/}
UI_20150317_000942	{@st59}Сохранить{/}
UI_20150317_000943	{@st44}Редактировать Настройки Интерфейса{/}
UI_20150317_000944	{@St59}Выбор Персонажа{/}
UI_20150317_000945	{@St59}Выйти{/}
UI_20150317_000946	{@St59}Настройки{/}
UI_20150317_000947	{@St59}Выход{/}
UI_20150317_000948	{@st43}Настройки Дома{/}
UI_20150317_000949	{@st59}Закрыть Настройки Дома{/}
UI_20150317_000950	{memo X}{@St42_b}{s18}{#f5c384}Имя Команды{/}
UI_20150317_000951	{@st59}Ввести имя Команды {/}
UI_20150317_000952	{memo X}{@st59}Сохранить Имя Команды{/}
UI_20150317_000953	Удалить Временную
UI_20150317_000954	{@St59}Закрыть Украшение Дома{/}
UI_20150317_000955	{@St43}Украшение Бараков{/}
UI_20150317_000956	{@St41b}Тема{/}
UI_20150317_000957	{@St41b}Расположение Предметов{/}
UI_20150317_000958	{@St41b}Имя
UI_20150317_000959	{@St41b}Цена
UI_20150317_000960	{@St41b}Состояние
UI_20150317_000961	{@St44}Новый Персонаж{/}
UI_20150317_000962	{@St41b}{s22}Выбрать Класс Персонажа{/}
UI_20150317_000963	{@St41b}Вернуться{/}
UI_20150317_000964	{@St59}Вернитесь в дом без создания персонажа
UI_20150317_000965	Смена Персонажа
UI_20150317_000966	{@St41}Персонаж{/}
UI_20150317_000967	{@St59}Поворот по часовой{/}
UI_20150317_000968	{@St59}Поворот против часовой{/}
UI_20150317_000969	{@St43b}Повернуть персонажа{/}
UI_20150317_000970	{@st43}Имя Персонажа{/}
UI_20150317_000971	Введите имя для {@st59} {/}
UI_20150317_000972	{@St43b}Выбрать пол{/}
UI_20150317_000973	{@St59}:Женщина{/}
UI_20150317_000974	{@St59}Мужчина{/}
UI_20150317_000975	{@st43b}Выбрать Прическу{/}
UI_20150317_000976	{@st59}Прическа1{/}
UI_20150317_000977	{@st59}Прическа2{/}
UI_20150317_000978	{@St59}Прическа3{/}
UI_20150317_000979	{@st59}Прическа4{/}
UI_20150317_000980	{@st59}Прическа5{/}
UI_20150317_000981	{@st59}Прическа6{/}
UI_20150317_000982	{@st59}Прическа7{/}
UI_20150317_000983	{@st59}Прическа8{/}
UI_20150317_000984	{@st59}Прическа9{/}
UI_20150317_000985	{@st59}Прическа10{/}
UI_20150317_000986	{@St43b}Выбор Класса{/}
UI_20150317_000987	{@st59}Мечник{/}
UI_20150317_000988	{@st59}Маг{/}
UI_20150317_000989	{@st59}Лучник{/}
UI_20150317_000990	{@st59}Клерик{/}
UI_20150317_000991	{@St41b}Посетить Казармы {/}
UI_20150317_000992	{@St59}Посетить казармы другого игрока.{/}
UI_20150317_000993	{@St41b}Выйти{/}
UI_20150317_000994	{@St59}Перейти к окну логина{/}
UI_20150317_000995	{@St41b}Выйти из Игры{/}
UI_20150317_000996	{@St59}Выйти из Tree of Savior{/}
UI_20150317_000997	{@st41b}Выбрать Канал{/}
UI_20150317_000998	{memo X}{@st43}Войти{/}
UI_20150317_000999	{@St59}Начать игру выбранным персонажем{/}
UI_20150317_001000	{@St43}{s26}Имя Команды{/}
UI_20150317_001001	{@st59}Имя Команды{/}	
UI_20150317_001002	{memo X}{@st41b}Изменить Имя Группы{/}
UI_20150317_001003	{memo X}{@st59}Изменить Имя своей Группы{/}
UI_20150317_001004	{@St41}Компаньен{/}
UI_20150317_001005	Перетащить Чат
UI_20150317_001006	{@St44}Имя Нового Диалога{/}
UI_20150317_001007	{@St42}Изменить{/}
UI_20150317_001008	{@St44}Имя Нового Окна{/}
UI_20150317_001009	{@St43}{s40}{gr gradation4}Создание Персонажа{/}
UI_20150317_001010	{@St59}Создать Персонажа{/}
UI_20150317_001011	{@St59}Отменить Создание Персонажа{/}
UI_20150317_001012	{@St59}Закрыть{/}
UI_20150317_001013	{@St59}Создать имя каманды{/}
UI_20150317_001014	{@St43}{s30}{#f0dcaa}Введите имя вашей Команды!
UI_20150317_001015	{memo X}{@St41b}Your Team Name is a name that represents all your characters.{nl}It is the common name used within the game.{nl}               Team Name may be changed later on.{/}
UI_20150317_001016	Загрузка Фона
UI_20150317_001017	Подсказка
UI_20150317_001018	Подсказки 
UI_20150317_001019	Логин
UI_20150317_001020	ID Аккаунта
UI_20150317_001021	{@st59}Введите ваш ID{/}
UI_20150317_001022	Пароль
UI_20150317_001023	{@St59}Введите ваш пароль{/}
UI_20150317_001024	{@St43}Войти{/}
UI_20150317_001025	{@St59}Подключение к выбранному серверу{/}
UI_20150317_001026	{@st41b}Повтор{/}
UI_20150317_001027	{@st41b}Одиночный Режим{/}
UI_20150317_001028	{@St41b}Покинуть Игру{/}
UI_20150317_001029	Сохранить
UI_20150317_001030	{@St59}Если отмечено, ваша учетная запись будет сохранена{/}
UI_20150317_001031	Серверы
UI_20150317_001032	{@St59}Выбрать Сервер{/}
UI_20150317_001033	Список Входа
UI_20150317_001034	[Закрытый Бета Тест]
UI_20150317_001035	Опции
UI_20150317_001036	Радиус Видимости
UI_20150317_001037	{S20}{#BBBBBB}Радиус Видимости
UI_20150317_001038	Дальность обзора :
UI_20150317_001039	Персонаж :
UI_20150317_001040	Объекты местности :
UI_20150317_001041	Трава (%) :
UI_20150317_001042	Деревья (%) :
UI_20150317_001043	Объекты(%) :
UI_20150317_001044	Тень
UI_20150317_001045	{S20}{#BBBBBB}Карты Теней
UI_20150317_001046	Использовать Карты Теней
UI_20150317_001047	Качество Теней :
UI_20150317_001048	SSAO Вкл.
UI_20150317_001049	SSAO Метод :
UI_20150317_001050	SSAO Разрешение :
UI_20150317_001051	Отражения в воде
UI_20150317_001052	{s20}{#BBBBBB}Отражения в воде
UI_20150317_001053	Отражения Персонажей в воде
UI_20150317_001054	Отражения местности в воде
UI_20150317_001055	{s20}{#BBBBBB}Glow Setup
UI_20150317_001056	Использовать Glow
UI_20150317_001057	{@st41}Атака{/}
UI_20150317_001058	{@St41}Защита{/}
UI_20150317_001059	{@st41}Потдержка{/}
UI_20150317_001060	{@st41}Сложность{/}
UI_20150317_001061	{@st41}Прическа
UI_20150317_001062	{@st41}Вращение
UI_20150317_001063	{@st43}Создание персонажа
UI_20150317_001064	{@st59}Создать персонажа{/}
UI_20150317_001065	{@st41b}Отмена
UI_20150317_001066	{@st59}Отменить выбор этого персонажа{/}
UI_20150317_001067	Информация о персонаже
UI_20150317_001068	{@st41}Взять с собой
UI_20150317_001069	{@st59}Выберите персонажа за которым будет следовать Компаньен{/}
UI_20150317_001070	UI of Item Creation
UI_20150317_001071	{s24}Имя :
UI_20150317_001072	{s16} STR :
UI_20150317_001073	{s16} Пункты Жизни :
UI_20150317_001074	{s16} AGI :
UI_20150317_001075	{s16} VIT :
UI_20150317_001076	{s16} Force :
UI_20150317_001077	{s18} Выбранный Класс
UI_20150317_001078	{s18} Right Way Union
UI_20150317_001079	{s18} Providence Evil Union
UI_20150317_001080	Hong Moo Moon
UI_20150317_001081	Dae Do Cheon
UI_20150317_001082	Огненные мечи
UI_20150317_001083	For adenomas hwageuk
UI_20150317_001084	Puncture sex
UI_20150317_001085	Yeonhwagyo
UI_20150317_001086	{S16}Gender and Appearance
UI_20150317_001087	Мужчина
UI_20150317_001088	Женщина
UI_20150317_001089	Выбор волос
UI_20150317_001090	Основной выбор
UI_20150317_001091	Ширина плеч
UI_20150317_001092	Размер рук и ног
UI_20150317_001093	Размер груди
UI_20150317_001094	Размер талии
UI_20150317_001095	Размер бедер
UI_20150317_001096	{S18} Размер Головы
UI_20150317_001097	{S14} Регулировка высоты
UI_20150317_001098	{S14} Ширина плеч
UI_20150317_001099	{S14} Размер рук и ног
UI_20150317_001100	{S14} Размер груди
UI_20150317_001101	{S14} Размер талии
UI_20150317_001102	{S14} Размер таза
UI_20150317_001103	Использовать Шаблон
UI_20150317_001104	Случайно
UI_20150317_001105	Создать нового персонажа
UI_20150317_001106	Отменить Создание Персонажа
UI_20150317_001107	{@St43}{s40}{gr gradation4}Начать игру{/}
UI_20150317_001108	{@St43}{s40}{gr gradation4}Закончить Просмотр{/}
UI_20150317_001109	{@St43}{s40}{gr gradation4}Вернуться к зоне{/}
UI_20150317_001110	{@St59}Вернуться к зоне.{/}
UI_20150317_001111	{@St41b}Вернуться{/}
UI_20150317_001112	{@St59}Вернуться в Мой Дом.{/}
UI_20150317_001113	{@St43}{s24}Имя Дома{/}
UI_20150317_001114	{@St59}Имя Дома{/}
UI_20150317_001115	{@st41b}Украшения{/}
UI_20150317_001116	{@St59}Украшение Дома{/}
UI_20150317_001117	{@St41b}Настройки{/}
UI_20150317_001118	{@St59}Настройки Барака{/}
UI_20150317_001119	Настроить рамку Предмкта
UI_20150317_001120	Зеленый
UI_20150317_001121	Плотность
UI_20150317_001122	Like HP
UI_20150317_001123	{@st59}Аксессуар для волос{/}
UI_20150317_001124	{@st59}Дополнительные Аксессуары{/}
UI_20150317_001125	{@St42}Текст{/}
UI_20150317_001126	Basic content name
UI_20150317_001127	Basic group name
UI_20150317_001128	Basic item name
UI_20150317_001129	Mr Kim
UI_20150317_001130	Вес : %s
UI_20150317_001131	Звезды светом в конкретных
UI_20150317_001132	%S расса{/}
UI_20150317_001133	N/A
UI_20150317_001134	Не {nl} продается
UI_20150317_001135	Не усиливается{/}
UI_20150317_001136	N/A{/}
UI_20150317_001137	Имя Предмета
UI_20150317_001138	N/A
UI_20150317_001139	Ур и выше
UI_20150317_001140	Для всех
UI_20150317_001141	Максимум слотов : ×%s
UI_20150317_001142	Имя Предмета
UI_20150317_001143	Цена в Магазине : %s серебра{/}
UI_20150317_001144	Сколько
UI_20150317_001144	Сколько
UI_20150317_001145	{@St42b}Полностью открыта Rate of Siauliai{/}
UI_20150317_001146	{@St42b}West Forest Area исследована{/}
UI_20150317_001147	{@St18}Предмет{/}
UI_20150317_001148	{@St18}Мои Ранги{/}
UI_20150317_001149	Бриллиант
UI_20150317_001150	Выносливость +9.000
UI_20150317_001151	{@St18}Средний{/}
UI_20150317_001152	{@St42b}{s18}Workmanship{/}
UI_20150317_001153	{@St55_c}Имя Предмета
UI_20150317_001154	{@St55_c}Сделать заметку
UI_20150317_001155	{@St59}Введите имя. Если вы не введете имя, имя по умолчанию будет использоваться.{/}
UI_20150317_001156	{@St59}Введите заметку{/}
UI_20150317_001157	{@St43}Produce items
UI_20150317_001158	{memo X}{@st42b}%s очки {/}
UI_20150317_001159	{memo X}{@st42b}%s dog {/}
UI_20150317_001160	{memo X}{@st42b}%s очки {/}
UI_20150317_001161	{memo X}{@st42b}%s dog {/}
UI_20150317_001162	{S16}{ol}per price
UI_20150317_001163	Конечная Цена : 1
UI_20150317_001164	{memo X}{@St41}Помощь
UI_20150317_001165	{memo X}{@St41}Описание Фото
UI_20150317_001166	{@St41}Регистрация
UI_20150317_001167	{@St41}Имя
UI_20150317_001168	{@St41}Сообщение
UI_20150317_001169	{@St43}Имя{/}
UI_20150317_001170	{@St41b}Сообщения{/}
UI_20150317_001171	{@St42b}Логин{/}
UI_20150317_001172	{@St41}Создать новый разговор
UI_20150317_001173	{@St41}Полный разговор
UI_20150317_001174	Имя Области
UI_20150317_001175	{@St41}Имя Навыка
UI_20150317_001176	{@St41}Очки Атрибутов
UI_20150317_001177	{@St41}Имя Класса
UI_20150317_001178	Имя Прсонажа
UI_20150317_001179	{@Sti7}Удалить{/}
UI_20150317_001180	Уровень Прсонажа
UI_20150317_001181	{@St42}Поделится Заданием{/}
UI_20150317_001182	{@St42} Поделить EXP {/}
UI_20150317_001183	Напоминание Персонажа
UI_20150317_001184	{memo X}Средний Уровень Группы : {#FFFF00}%s{/}
UI_20150317_001185	{memo X}Поиск ддля : {#FFFF00}%s{/}
UI_20150317_001186	{memo X}Священник / Лучник
UI_20150317_001187	{memo X}Поделится Заданием : {#FFFF00}%s{/}
UI_20150317_001188	{memo X}N/A
UI_20150317_001189	{memo X}EXP Приоритет : {#FFFF00}%s{/}
UI_20150317_001190	{memo X}Equally
UI_20150317_001191	{memo X}Приоритет Предметов : {#FFFF00}%s{/}
UI_20150317_001192	{memo X}Случайно
UI_20150317_001193	Как я
UI_20150317_001194	Ты не видишь кто это
UI_20150317_001195	{@st41b}Журнал Приключений Обновлен
UI_20150317_001196	Меню обьекто для Заданий
UI_20150317_001197	Категории Заданий
UI_20150317_001198	Список предметов Заданий
UI_20150317_001199	Список Квест объектов - не использованных
UI_20150317_001200	Line used on the roadmap
UI_20150317_001201	Slot Object_Standard
UI_20150317_001202	Slot Object_Cash Slot
UI_20150317_001203	Детали Персонажа Тип 1
UI_20150317_001204	Детали Персонажа Тип 2
UI_20150317_001205	Inventory List Type 1
UI_20150317_001206	Inventory List Type 2
UI_20150317_001207	Inventory Slot Type
UI_20150317_001208	Посмотрет информацию о предмете в магазине
UI_20150317_001209	Показать имя Предмета
UI_20150317_001210	Показать доступное количество
UI_20150317_001211	Показать цену
UI_20150317_001212	Все что вы положили в корзину
UI_20150317_001213	Показать общую стоймость
UI_20150317_001214	Для показа предмета
UI_20150317_001215	Показать цену за один предмет
UI_20150317_001216	Категория предмета
UI_20150317_001217	Новости
UI_20150317_001218	{@St42b}Рестарт{/}
UI_20150317_001219	Peltang Stang
UI_20150317_001220	99 Круг
UI_20150317_001221	Убейте 8 Mad Vubbe
UI_20150317_001222	Подсказка
UI_20150317_001223	EXP: sad{br}+1 Enchantment Crystal (Атака)
UI_20150317_001224	Меч новичка
UI_20150317_001225	Восстановить прочность :
UI_20150317_001226	Цена ремонта : 120 silver
UI_20150317_001227	Цена ремонта : %s silver
UI_20150317_001228	{@st42b}Графа Товара {@sti7}%s{/}
UI_20150317_001229	{@st42b}Текущая Цена {img icon_item_silver 20 20}{@st57}%s{/}
UI_20150317_001230	{@St41}Купить сразу! {Img icon_item_silver 20 20}{@st57}%s{/}
UI_20150317_001231	{@St41b}Получить предметы{/}
UI_20150317_001232	{@st42b}Цена Торга {img icon_item_silver 20 20}{@st57}%s{/}
UI_20150317_001233	{@Sti7}Возврат
UI_20150317_001234	{@St59}Голова{/}
UI_20150317_001235	{@St59}Левый Браслет{/}
UI_20150317_001236	{@St59}Правый Браслет{/}
UI_20150317_001237	{@St59}Костюмы{/}
UI_20150317_001238	{@st59}Кольцо2{/}
UI_20150317_001239	Имя Питомца
UI_20150317_001240	Chandler bundle
UI_20150317_001241	West forest etc...
UI_20150317_001242	{memo X}Использовать iCoins
UI_20150317_001243	Имя Категории
UI_20150317_001244	Это Помощь
UI_20150317_001245	{@Sti7}%s Очков{/}
UI_20150317_001246	{@st41b}%s Очков
UI_20150317_001247	Clear Quest 25
UI_20150317_001248	[Sub]Thron Forest
UI_20150317_001249	{@St42}Надетые Предметы
UI_20150317_001250	{@St44}Ранг %s Информация Класса{/}
UI_20150317_001251	Доступно Продвижение
UI_20150317_001252	Like Heart
UI_20150317_001253	N/A
UI_20150317_001254	Уровень %s
UI_20150317_001255	{memo X}Заметка : {#666666}%s
UI_20150317_001256	Ayase
UI_20150317_001257	Отношения с %s
UI_20150317_001258	{#FFFF33}%s{/} хочет стать другом{/}
UI_20150317_001259	{@St41b}Принять
UI_20150317_001260	{memo X}{@St41b}Отменить
UI_20150317_001261	{@St53b}Загрузить Список Друзей.
UI_20150317_001262	Уровень %s{/}
UI_20150317_001263	{@st41} Отменить
UI_20150317_001264	Добавьте Эффект для продажи.
UI_20150317_001265	Цена : %s{/}
UI_20150317_001266	Всего осталось
UI_20150317_001267	{@St41}Купить
UI_20150317_001268	Amount Left : %s {/}
UI_20150317_001269	{@St41}Предмет{/}
UI_20150317_001270	{@St41b} Заметка
UI_20150317_001271	{@St41b}Создать
UI_20150317_001272	{memo X}{@St41b}Цена : %s{/}
UI_20150317_001273	{@Sti5}Цена : %s{/}
UI_20150317_001274	{@Sti9} Задание Группы (%s){/}
UI_20150317_001275	{@st41_yellow} Процент Выполнения %s% {/}
UI_20150317_001276	{@st41_yellow} Счет %s {/}
UI_20150317_001277	{@st42b}{b}Рейтинг Достижений{/}
UI_20150317_001278	{@st59}Присоединиться к Групповому Заданию{/}
UI_20150317_001279	Окна
UI_20150317_001280	Статус
UI_20150317_001281	Таб
UI_20150317_001282	Изображение предмета
UI_20150317_001283	Эффект
UI_20150317_001284	Управление Установить
UI_20150317_001285	{@St41}Сложность : %s
UI_20150317_001286	{@St42}Оставшееся время : %s
UI_20150317_001287	{@St53}Создание Предмета
UI_20150323_001288	{@st59}Положить ваш предмет сюда{/}
UI_20150323_001289	{@st42}Отмена
UI_20150323_001290	{@st42}Подтвердить
UI_20150323_001291	{@st43}Упаковывание{/}
UI_20150323_001292	Текущая Возможность
UI_20150323_001293	Расходные материалы
UI_20150323_001294	Используемое Количество
UI_20150323_001295	Доступное количество
UI_20150323_001296	{memo X}{@sti6}Запись сделки
UI_20150323_001297	{memo X}{@st43}Базовый лагерь
UI_20150323_001298	Название Вывески
UI_20150323_001299	{memo X}{@st43}Построить
UI_20150323_001300	{memo X}{@stc1}Базовый лагерь осталось время
UI_20150323_001301	{@stc1}Эффекты
UI_20150323_001302	{@stc1}Матриалы и Цены
UI_20150323_001303	{memo X}{@st41b}Базовый Лагерь
UI_20150323_001304	{memo X}{@st41b}Лог
UI_20150323_001305	{@st41b}Возобновить
UI_20150323_001306	{@st59}Возобновить оставшеся время.{/}
UI_20150323_001307	{memo X}{@st41b}Базовый Лагерь оставшеся время.
UI_20150323_001308	{@st41b}Эффекты
UI_20150323_001309	{memo X}{@st42b}Базовый лагерь длится в течение дополнительных 24 часов, после обновления. Расходует %s серебра.
UI_20150323_001310	{memo X}{@st41b}Личное Хранилище
UI_20150323_001311	{memo X}{@stc1}Положить и забрать предметы из склада стоит %s серебра.{/}
UI_20150323_001312	{memo X}{@st41}{#ffff00}Захват Цели{/}
UI_20150323_001313	{@st43}Стол с Закусками
UI_20150323_001314	{memo X}{@st41b}Тип еды
UI_20150323_001315	{memo X}{@st41b}Стол
UI_20150323_001316	{@st59}Закрыть{/}
UI_20150323_001317	{@st43}Гримуар{/}
UI_20150323_001318	{@st59}Закрыть UI Гримуара{/}
UI_20150323_001319	{memo X}Мое Умение Призыва
UI_20150323_001320	Главная Карта
UI_20150323_001321	Второстипенная Карта
UI_20150323_001322	{memo X}Stat
UI_20150323_001323	{memo X}CON
UI_20150323_001324	{memo X}INT
UI_20150323_001325	{memo X}DEX
UI_20150323_001326	{memo X}CRT
UI_20150323_001327	{memo X}{@st43}Настройки Магазина{/}
UI_20150323_001328	{@st41b}Настройки{/}
UI_20150323_001329	Цна за единицу
UI_20150323_001330	{@st41b}Список Материалов{/}
UI_20150323_001331	{memo X}{@st43}Закалка Самоцвета{/}
UI_20150323_001332	{@st59}Закрыть UI{/}
UI_20150323_001333	{@st41b}Починить{/}
UI_20150323_001334	{memo X}{@st41b}Лог{/}
UI_20150323_001335	{memo X}Цена добавления
UI_20150323_001336	{@st59}Вставить самоцвет{/}
UI_20150323_001337	Используемые Материалы
UI_20150323_001338	Осталось
UI_20150323_001339	{@st42}Закрыть{/}
UI_20150323_001340	{@st43}Обслуживание оружия{/}
UI_20150323_001341	{@st43}Обслуживание экипировки{/}
UI_20150323_001342	{memo X}{@st41b}Цена для получения
UI_20150323_001343	{@st41b}Материалы
UI_20150323_001344	{@st43}Починить{/}
UI_20150323_001345	{@st41b}Починить{/}
UI_20150323_001346	Уровень Способности
UI_20150323_001347	{@st41}No. количество игроков для входа{/}
UI_20150323_001348	{@st43}Предмет для Подземелья{/}
UI_20150323_001349	{@st41}Необходимые материалы{/}
UI_20150323_001350	{@st59}Необходимые материалы{/}
UI_20150323_001351	Рекомендуемый Уровень : %s
UI_20150323_001352	{memo X}{@st43}Выберите Режим Интерфейса{/}
UI_20150323_001353	{@st43}Личный Магазин{/}
UI_20150323_001354	Имя Магазина
UI_20150323_001355	{@st41b}Открыть магазин{/}
UI_20150323_001356	{@st59}Открыть Личный Магазин{/}
UI_20150323_001357	{@st59}Отменить{/}
UI_20150323_001358	{@st59}Закрыть Личный Магазин{/}
UI_20150323_001359	Запрос Купить в
UI_20150323_001360	{memo X}{@st59}Закрыть Личный Магазин{/}
UI_20150323_001361	{memo X}{@st59}Купить в Магазине{nl} - Продайте свои предметы за серебро
UI_20150323_001362	{memo X}{@st43}Предметы для покупки{/}
UI_20150323_001363	{memo X}{@st43}Предметы на продажу{/}
UI_20150323_001364	{memo X}{@st43}Total Profit{/}
UI_20150323_001365	{memo X}{@st41}Продать{/}
UI_20150323_001366	{@st41}Предметы для Алхимии{/}
UI_20150323_001367	{@st41}Результат Алхимии {@stx1}(%s required){/}
UI_20150323_001368	{@st59}Призвать Питомца{/}
UI_20150323_001369	{@st41b}Персонаж{/}
UI_20150323_001370	{@st59}Гримуар{/}
UI_20150323_001371	{memo X}{@st41b}Вкл. Bloom{/}
UI_20150323_001372	{memo X}{@st41b}Вкл. Vignette{/}
UI_20150323_001373	{memo X}{@st41b}Вкл. FXAA{/}
UI_20150323_001374	{memo X}{@st41b}Вкл. GLOW{/}
UI_20150323_001375	{memo X}{@st41b}Вкл. Depth {/}
UI_20150323_001376	{memo X}{@st41b}Вкл. SoftParticle{/}
UI_20150323_001377	{@st43}Личный Склад{/}
UI_20150323_001378	{memo X}{@st59}Закрыть Личный Склад{/}
UI_20150323_001379	{memo X}{@sti6}Хранение и принятие вещей из хранилища стоит% S серебра...{/}
UI_20150323_001380	{memo X}{@st59}Alt+Z для смены оружия{/}
UI_20150323_001381	{@st59}Сохранить Настройки Дома{/}
UI_20150323_001382	Смена Дома
UI_20150323_001383	{@st59}Закрыть Смену Дома{/}
UI_20150323_001384	{memo X}{@st59}Смена Дома{nl} - Изменить карту и расширить число доступных персонажей, изменив Дом.{/} 
UI_20150323_001385	{memo X}{@st41}Отменить Просмотр{/}
UI_20150323_001386	{memo X}{@st46}Мои iCoins : %s{/}
UI_20150323_001387	{memo X}{@st41b}Смена Дома{/}
UI_20150323_001388	{@st59}Украшение Дома{/}
UI_20150323_001389	{memo X}{@st41b}Настройки Дома{/}
UI_20150323_001390	{@st59}Сменить Натройки Дома{/}
UI_20150323_001391	{memo X}{@st45ty}Приветствие{/}
UI_20150323_001392	{memo X}{@st45ty}Открыть Магазин{/}
UI_20150323_001393	{@st41b}Сменить{/}
UI_20150323_001394	{@st59}Сменить Приветствие Персонажа{/}
UI_20150323_001395	{@st59}Установить Магазин{/}
UI_20150323_001396	Покупаемое Количество : %s{/}
UI_20150323_001397	Поиск предмета для покупки
UI_20150323_001398	Количество
UI_20150323_001399	Цена за штуку
UI_20150323_001400	{memo X}{@sti5}×%s{/}
UI_20150323_001401	{@st41}Есть{/}
UI_20150323_001402	{@st41}Создать{/}
UI_20150323_001403	{memo X}{@st41}Количество
UI_20150323_001404	{memo X}{@st41}Используемые Материалы
UI_20150401_001405	{@st59}Закрыть Упаковку{/}
UI_20150401_001406	{memo X}{@st41}Свернуть Базовый Лагерь{/}
UI_20150401_001407	{@st43}[Circle %s]{/}
UI_20150401_001408	{@st43}Умение{/}
UI_20150401_001409	{@st43}Class Tip{/}
UI_20150401_001410	Class Tip
UI_20150401_001411	{memo X}{@st42}{#ffff00}Захват Цели {/}
UI_20150401_001412	{memo X}{@st41}Удалить Таблицу{/}
UI_20150401_001413	{@st43}Tincturing{/}
UI_20150401_001414	Быстрые Слоты Геймпада
UI_20150401_001415	{memo X}{@st42}{#ffff00}Клавиатура{/}
UI_20150401_001416	{@st43}Открыть Ящик Предложений{/}
UI_20150401_001417	{@st41b}Открыть{/}
UI_20150401_001418	{@st41b}Ящик Предложений {/}
UI_20150401_001419	{@st41}Имя Ящика Предложений {/}
UI_20150401_001420	Плата
UI_20150401_001421	Предполагаемый доход
UI_20150401_001422	Капитал
UI_20150401_001423	{memo X}{@st45tw}Ящик Предложений Свойства Предмета{/}
UI_20150401_001424	{@st41}Продать Все{/}
UI_20150401_001425	{@st43}Ящик Предложений{/}
UI_20150401_001426	Предложение
UI_20150401_001427	Совершить Сделку
UI_20150401_001428	Ориентировачный Балас
UI_20150401_001429	{@st45tw}Ящик Предложений{/}
UI_20150401_001430	{memo X}{@st41}Пусто{/}
UI_20150401_001431	{@st43}Текущая зона Список пользователей{/}
UI_20150401_001432	{@st59}Закрыть список GM UI {/}
UI_20150401_001433	{memo X}{@st41}Описание Группы :{/}
UI_20150401_001434	{s20}Amount of Poison {s28}{b}{#ff6600}%s{/}
UI_20150401_001435	Материалы для Яда
UI_20150401_001436	{@st41b}Выбрать Все{/}
UI_20150401_001437	{@st59}Очистить все, нажав снова{/}
UI_20150401_001438	{@st41b}Создать{/}
UI_20150401_001439	{memo X}{@st59}Смешиваем, смешиваем, переворачиваем и смешиваем{/}
UI_20150401_001440	{@st41b}Достижения{/}
UI_20150401_001441	Цвет Волос
UI_20150401_001442	Доступные
UI_20150401_001443	{memo X}{@st41b}Геймпад UI mode{/}
UI_20150401_001444	{memo X}{@st41}{#ffffcc}Имя{/}
UI_20150401_001445	{memo X}{@st41}{#ffffcc}Цена{/}
UI_20150401_001446	{memo X}{@st41}{#ffffcc}Статус{/}
UI_20150401_001447	{memo X}{@st41b}Отмена Просмотра{/}
UI_20150401_001448	{memo X}{@st41}{#ffff00}My iCoins : %s{/}
UI_20150401_001449	Экипировано
UI_20150401_001450	{memo X}Описание : {#FFFF00}%s{/}
UI_20150401_001451	{memo X}Средний Уровень : {#FFFF00}%s{/}
UI_20150401_001452	{memo X}Условие{/}
UI_20150401_001453	Титул %s
UI_20150401_001454	Награда %s
UI_20150401_001455	{memo X}{@st42}Итог{/}
UI_20150406_001456	{@st43}Базовый Лагерь{/}
UI_20150406_001457	{@st42}Установить{/}
UI_20150406_001458	{@st42}Отмена{/}
UI_20150406_001459	{memo X}{@stc1}Длительность лагеря 
UI_20150406_001460	{@st41b}Базовый лагерь
UI_20150406_001461	{memo X}{@st41b}Длительность лагеря {/}
UI_20150406_001462	{memo X}{@st42b}A base camp lasts for an additional 24 hours when renewed. {nl}%s silver is consumed.
UI_20150406_001463	{memo X}{@st41}Убрать лагерь{/}
UI_20150406_001464	{memo X}{@st42}Убрать стол{/}
UI_20150406_001465	{@st59b}Grimoire{nl}{@st59s} - Place a card on the deck to start summoning{/}
UI_20150406_001466	{memo X}{@st41}Мой Навык Призыва{/}
UI_20150406_001467	{memo X}{@st41}Stat{/}
UI_20150406_001468	{@st41b}Ящик Предложений{/}
UI_20150406_001469	{@st41b}Ящик Предложений Детали{/}
UI_20150406_001470	{@st59}Закрыть  Магазин покупки {/}
UI_20150406_001471	{@st59b}Магазин покупки{nl}{@st59s} - Продайте предметы за серебро.{/}
UI_20150406_001472	{@st41b}Other Player's Requested Item{/}
UI_20150406_001473	{@st41b}Доступные предметы{/}
UI_20150406_001474	{@st41b}Общие продажи{/}
UI_20150406_001475	{@st41b}Продать{/}
UI_20150406_001476	{@st59}Продать пердмет(ы) которые вы добавили.{/}
UI_20150406_001477	{@st59}Закрыть Персональное Хранилище{/}
UI_20150406_001478	{memo X}{@st41b} %s серебра тратится когда вы кладете и забираете предметы из хранилища.{/}
UI_20150406_001479	{@st41b}Количество
UI_20150414_001480	{memo X}{@st42b}Срок действия вашего лагеря может быть увеличен.{nl} Cost: %s silver.
UI_20150414_001481	{memo X}{@st41b}Тип {@sti7}%s{/}
UI_20150414_001482	{memo X}{@st41b}Сложность Управления {@sti7}%s{/}
UI_20150414_001483	{@st59b} Предмет {/}
UI_20150414_001484	{@st59b} Монстр {/}
UI_20150414_001485	{@st59b} Move Map {/}
UI_20150414_001486	{@st59b} Battle Command {/}
UI_20150414_001487	{s26}{b}Личный{/}
UI_20150414_001488	{s26}{b}Уровень{/}
UI_20150414_001489	{@st44}{s26}Уровень{/}
UI_20150414_001490	{@st59b}{s26}ea
UI_20150414_001491	{@st41b}Готовка{/}
UI_20150414_001492	{@st41b}Еда{/}
UI_20150414_001493	{memo X}{@st42}Убрать стол c закусками и напитками. 
UI_20150414_001494	{@st41b}Записи{/}
UI_20150414_001495	{memo X}{@st41}Описание Группы{/}
UI_20150414_001496	{memo X}{@st41b}Принять{/}
UI_20150414_001497	Уровень Закалки %s
UI_20150428_001498	{@st43}Buy-in Shop{/}
UI_20150428_001499	{@st41b}Закрыть{/}
UI_20150428_001500	{@st41b}Отправить Ошибку{/}
UI_20150428_001501	{@st59}Сообщите нам об ошибках и вопросах{/}
UI_20150428_001502	When you report a bug, your gameplay up to that point will be sent to our server.{nl}The replay file will be of much help in resolving the bug. Do you want to send it?
UI_20150428_001503	{@st41b}Описание Бага :{/}
UI_20150428_001504	{@st41b}Ввод описания не является обязательным, но это очень поможет нам в анализе ошибки.{/}
UI_20150428_001505	{@st41b}Отправить{/}
UI_20150428_001506	{@st42}{s14}{#ffff00}Захват цели{/}
UI_20150428_001507	{@st59}Блокировать цель, независимо от расстояния и направления{/}
UI_20150428_001508	Группа Найдена!
UI_20150428_001509	Joystick Rest Quickslot
UI_20150428_001510	{@st41b}Rest Mode
UI_20150428_001511	Joypad Обучение
UI_20150428_001512	{memo X}{@st59}Закрыть Joypad Обучение(M){/}
UI_20150428_001513	Обучение Улавиатура
UI_20150428_001514	{@st44}Выход{/}
UI_20150428_001515	{memo X}{@st41b}ставить помощь(Requires %s iCoin){/}
UI_20150428_001516	{memo X}Цена добавления Слота : {#ff9933}%s{/}{nl}Цена извлечения Самоцвета : {#ff9933}%s{/}
UI_20150428_001517	{memo X}{@st41b}Убрать Самоцвет
UI_20150428_001518	{@st42}{s14}{#ffff00}UI Mode{/}
UI_20150428_001519	{@st59}Используйте клавиатуру или контроллер для управления UI
UI_20150428_001520	{memo X}Использовать Поиск Группы
UI_20150428_001521	{memo X}Когда будет найден персонаж подходящий группе {nl}[Party match found!] вы получите уведомление.
UI_20150428_001522	{memo X}{@st41}Стиль Игры{/}
UI_20150428_001523	Задание
UI_20150428_001524	Охота
UI_20150428_001525	Событие
UI_20150428_001526	{memo X}{@st41}Level Difference{/}
UI_20150428_001527	{memo X}Not related
UI_20150428_001528	{memo X}{@st41}Desired Class Type{/}
UI_20150428_001529	{@st41b}Покинуть группу
UI_20150428_001530	{memo X}{@st59}Поиск по описанию группы{/}
UI_20150428_001531	{s18}{ol}{gr gradation1}Helper Rules{/}
UI_20150428_001532	{@st59}Процесс создания{/}
UI_20150428_001533	{memo X}{@st45ty}Цвет Волос
UI_20150428_001534	{memo X}{@st45ty}Доступный Титул
UI_20150428_001535	{@st41_yellow}Навыки Помошника
UI_20150428_001536	{memo X}{@st41b}Показывать имена других игроков{/}
UI_20150428_001537	{@st43}Управление{/}
UI_20150428_001538	{memo X}{@st41b}Авто{/}
UI_20150428_001539	{memo X}{@st41b}Геймпад{/}
UI_20150428_001540	{memo X}{@st41b}Клавиатура{/}
UI_20150428_001541	{memo X}Геймпад
UI_20150428_001542	{@st59}Геймпад инфо{/}
UI_20150428_001543	{memo X}Клавиатура
UI_20150428_001544	{@st59}Клавиши Клавиатуры{/}
UI_20150428_001545	{@st43}Настройки графики{/}
UI_20150428_001546	{@st43}Производительность{/}
UI_20150428_001547	{memo X}{@st41b}Low-spec Mode{/}
UI_20150428_001548	{memo X}{@st41b}Авто Яркость{/}
UI_20150428_001549	{memo X}{@st41b}Не использовать{/}
UI_20150428_001550	FAQ Игры
UI_20150428_001551	Игроки : (%s/%s)
UI_20150428_001552	At least Ур. 100 : (%s/%s)
UI_20150511_001553	{memo X}{@st41}Ссылка на Вступление В Группу
UI_20150714_001554	{@st66b}Продажа Предмета : ×%s / Выкуп Предмета : ×%s{/}
UI_20150714_001555	{@st41b}Лог Торговли
UI_20150714_001556	{@st41b}Собрать Базовый Лагерь:
UI_20150714_001557	Битва Карт
UI_20150714_001558	{@st64}%s Победа(ы) {/}
UI_20150714_001559	Выбор Карты
UI_20150714_001560	Индекс Преключений:{#ffff00} %s{/} ({#ffff00}ранг #%s{/})
UI_20150714_001561	{@st66b}Нравится!
UI_20150714_001562	{memo X}Мне нравиться этот персонаж {#ffff00}%s{/}
UI_20150714_001563	{@st41b}Remove Refreshment Table
UI_20150714_001564	{memo X}{@st42}Мой Наваык Призыва
UI_20150714_001565	{@st42}Параметры
UI_20150714_001566	{memo X}{@st42}Текущая Локация: %s{/}
UI_20150714_001567	{@st59b}Снаряжение {nl}{@st59s} - Прическа/Костюм: Экипировка меняет вид персонажа. {nl} - Weapon: One-handed or two-handed weapons {nl} (sub-weapon/shield can be equipped with one-handed weapon) {nl} - Броня: Top, Pants, Gloves, Shoes. {nl} - Accessories: 1 Necklace and 2 Bracelets. {nl} {/}
UI_20150714_001568	{@st43}Открыть %s Магазин {/}
UI_20150714_001569	{@st41b}Закалка{/}
UI_20150714_001570	{@st66}Выбрать Все
UI_20150714_001571	{@st43}Создать Стрелу{/}
UI_20150714_001572	{@st59}Закрыть UI{/}
UI_20150714_001573	{@st66b}Проверить{/}
UI_20150714_001574	{@st66b}Покинуть Помошника(Requires %s iCoin){/}
UI_20150714_001575	Extra Socket Цена : {#000000}%s{/} {nl}Цена Извлечения Самоцвета : {#000000}%s{/}
UI_20150714_001576	{ds}Рекомендуемый Уровень : %s
UI_20150714_001577	Исследовано : 50.0%
UI_20150714_001578	{@st45tw}[%s% исследовано]{/}
UI_20150714_001579	>>Показать больше информации...
UI_20150714_001580	%s (Rank %s)
UI_20150714_001581	Имя Профессии
UI_20150714_001582	{@st41b}Принять
UI_20150714_001583	{@st41}Если вы хотите использовать джойстик или мышь для управления вашим персонажем, вы можете выбрать эту опцию настройки игры в меню системы.{nl}
UI_20150714_001584	{memo X}Когда вы встетите персона походящего вам для группы, {nl}[Party match found!] вы получите уведомление.{nl}You will also be recommended to other parties.
UI_20150714_001585	{memo X}{@st42}Play Style{/}
UI_20150714_001586	{@st42}Level Difference{/}
UI_20150714_001587	Любой
UI_20150714_001588	{memo X}{@st42}Тип Класса{/}
UI_20150714_001589	{memo X}{@st42}Имя Группы : %s{/}
UI_20150714_001590	{memo X}{@st42}Описание{/}
UI_20150714_001591	{memo X}{@st42}Вход{/}
UI_20150714_001592	{@st42}Приоритет Предметов
UI_20150714_001593	{@st42}Приоритет EXP 
UI_20150714_001594	Индивидуальный EXP
UI_20150714_001595	Equal EXP
UI_20150714_001596	By Level
UI_20150714_001597	{@st42}Поделится Заданием{/}
UI_20150714_001598	Недоступно
UI_20150714_001599	{@st42}Публичная группа{/}
UI_20150714_001600	{memo X}Уровень{/}
UI_20150714_001601	{@st42}Использовать 'Рекомендованная Группа'{/}
UI_20150714_001602	По Дистанции
UI_20150714_001603	По Классу
UI_20150714_001604	По Уровню
UI_20150714_001605	По Квесту
UI_20150714_001606	По близости
UI_20150714_001607	{memo X}{@st42}Share Party Invite Link
UI_20150714_001608	>>Предпросмотр Группы...
UI_20150714_001609	Имя Группы : %s
UI_20150714_001610	Описание Группы : %s
UI_20150714_001611	Время Создания : %s ago
UI_20150714_001612	Учасники Группы : %s/5
UI_20150714_001613	Присоединиться
UI_20150714_001614	{@st59}Поиск Группы по Названию или Описанию{/}
UI_20150714_001615	Быстрая Справка{/}
UI_20150714_001616	{@st43}Почтовый Ящик{/}
UI_20150714_001617	{@st41b}Все{/}
UI_20150714_001618	{@st41b}Не прочитанные Сообщения
UI_20150714_001619	{memo X}{@st43}{s22}Выберите персонажа для получения предмета.{/}
UI_20150714_001620	{@st41b}Улучшение{/}
UI_20150714_001621	{@st66}Предметы требующие ремонта{/}
UI_20150714_001622	{@st43}Simoni{/}
UI_20150714_001623	{@st59}Повысить умения{/}
UI_20150714_001624	{@st59}Закрыть Умения и Атрибуты{/}
UI_20150714_001625	{@st43}Умения и Атрибуты{/}
UI_20150714_001626	Оставшееся Статусные Очки {nl}{@st46}%s
UI_20150714_001627	Лайков Получено : %s
UI_20150714_001628	{memo X}{@st66b}Показывать Получаемый Опыт{/}
UI_20150714_001629	{@st66b}Показывать свое Имя{/}
UI_20150714_001630	{@st66b}Показывать только имя Группы{/}
UI_20150714_001631	{@st66b}Показывать Именя Игроков{/}
UI_20150714_001632	{@st66b}Авто{/}
UI_20150714_001633	{@st66b}Геймпад{/}
UI_20150714_001634	{@st66b}Клавиатура{/}
UI_20150714_001635	{@st66b}Мышь
UI_20150714_001636	{@st66b}На весь Экран{/}
UI_20150714_001637	{@st66b}В Окне{/}
UI_20150714_001638	{@st66b}Громкость Эффектов (%s){/}
UI_20150714_001639	{@st66b}Громкость BGM (%s){/}
UI_20150714_001640	{@st66b}Громкость (%s){/}
UI_20150714_001641	{@st66b}Низкие Настройки{/}
UI_20150714_001642	{@st66b}Авто Настройки{/}
UI_20150714_001643	{@st66b}Не использовать{/}
UI_20150714_001644	{@st66b}Применить Bloom{/}
UI_20150714_001645	{@st66b}Применить Vignette{/}
UI_20150714_001646	{@st66b}Применить FXAA{/}
UI_20150714_001647	{@st66b}Применить Glow{/}
UI_20150714_001648	{@st66b}Применить Depth{/}
UI_20150714_001649	{@st66b}Применить Soft Particle{/}
UI_20150714_001650	{@st66b}Высокое Разрешение Текстур{/}
UI_20150714_001651	{@st66b}Вертикальная Синхр. On{/}
UI_20150714_001652	{@st66b}Вертикальная Синхр. Off{/}
UI_20150714_001653	{@st66b} %s серебро расходуется при помещении на склад и получении с склада.{/}
UI_20150714_001654	%s like me
UI_20150714_001655	{@st41}Наблюдать
UI_20150714_001656	{@st66b}Выход из режима Наблюдения
UI_20150714_001657	{memo X}Найдена игра. Вы хотите присоединится?
UI_20150714_001658	{memo X}{@st41}Присоединиться
UI_20150714_001659	{@st41}Отклонить
UI_20150714_001660	Игра Окончена
UI_20150714_001661	Смерти
UI_20150714_001662	Урон
UI_20150714_001663	{@st41}Вернуться к зоне
UI_20150714_001664	{@st41b}Вернуться к зоне через %s секунд...{/}
UI_20150714_001665	{@st59}Открыть Почтовый ящик{/}
UI_20150714_001666	{@st42}Сменить Дом{/}
UI_20150714_001667	{@st42}Настройки Дома{/}
UI_20150714_001668	{@st65}%s Счет{/}
UI_20150714_001669	{@st65}×%s{/}
UI_20150714_001670	{@st65}% Счет{/}
UI_20150714_001671	{@st65}×%s{/}
UI_20150714_001672	Описание Изображения
UI_20150714_001673	{#000000}%s секунд
UI_20150714_001674	{#000000}%s экипировано
UI_20150714_001675	Имя Группы : {#2c140c}%s{/}
UI_20150714_001676	Описание : {#2c140c}%s{/}
UI_20150714_001677	Средний Уровень группы : {#2c140c}%s{/}
UI_20150714_001678	Поиск Для : {#2c140c}%s{/}
UI_20150714_001679	Поделится Квестом : {#2c140c}%s{/}
UI_20150714_001680	Приоритет EXP : {#2c140c}%s{/}
UI_20150714_001681	Приоритет Предметов{/} : {#2c140c}%s{/}
UI_20150714_001682	Вы хорошо провели время с этой группой?
UI_20150714_001683	{@st42} получено %s by %s
UI_20150714_001684	{@st42} улучшено %s by %s
UI_20150714_001685	Заметка :%s
UI_20150714_001686	{@st59}Добавьте материал в этот слот для предмета.{/}
UI_20150714_001687	{@st66b}Цена : %s{/}
UI_20150714_001688	Приветствие Персонажа
UI_20150714_001689	Buy-in Shop
UI_20150714_001690	×%s
UI_20150714_001691	{@st66b}{@41b}Критерий{/}
UI_20150714_001692	{memo X}{@st41}Удалить{/}
UI_20150714_001693	{@st41}Обновить
UI_20150717_001694	{memo X}{#ffff00}%s{/} игрокам нравиться этот персонаж
UI_20150717_001695	{@st41b}{s56}Эта Игра {#0066FF}
UI_20150717_001696	Rated T.
UI_20150717_001697	{s40} {nl}Долгое время игры может плохо сказаться на вашем здоровье.{/}
UI_20150717_001698	{@st66b}Войти
UI_20150717_001699	{@st42}My Summon Info
UI_20150717_001700	Ваше движение замедляется, когда не достаточно{@st59}STA{/}
UI_20150717_001701	{@st59}Рассортировать{/}
UI_20150717_001702	{memo X}Sort
UI_20150717_001703	{@st59}Закрыть Управление Геймпада Инфо.{/}
UI_20150717_001704	{@st59}Закрыть Управление Клавиатуры Инфо.{/}
UI_20150717_001705	Клавиши Мыши
UI_20150717_001706	{@st59}Закрыть Управление Мышью Инфо.{/}
UI_20150717_001707	Атака : %s
UI_20150717_001708	Защита : %s
UI_20150717_001709	STR : %s
UI_20150717_001710	CON : %s
UI_20150717_001711	INT : %s
UI_20150717_001712	DEX : %s
UI_20150717_001713	SPR : %s
UI_20150717_001714	{memo X}{@st42b}Мечники могут использовать рывок нажав клавишу перемещения дважды .{/}
UI_20150717_001715	{@st42}Имя Группы и Описание{/}
UI_20150717_001716	{@st42}Влючите таг для Приглашения в Группу
UI_20150717_001717	{@st41b}Публичный Лист Группы{/}
UI_20150717_001718	{memo X}{@st41b}Recommended Character List{/}
UI_20150717_001719	{@st41b}Receive Recommendation
UI_20150717_001720	Это может делать только Лидер группы.
UI_20150717_001721	You must use the Party Member Recommendation function.
UI_20150717_001722	{@st66b}Quest Class Name{/}
UI_20150717_001723	{@st59b}Shop{nl}{@st59s} -Используйте Shift + Правую кнопку мыши чтобы ввести число предметов для покупки/продажи{nl} - Правый Клик дважды для продажи всех предметов{/}
UI_20150717_001724	{@st59}Свойства Мыши{/}
UI_20150717_001725	{@st66b}Сортировать
UI_20150717_001726	{@st59}Сортировать ваши предметы.{/}
UI_20150717_001727	{@st59}Положите предмет в этот слот{nl}Нажмите Alt+Z для переключения оружия{/}
UI_20150717_001728	Spectate another character
UI_20150717_001729	{@st41}Поле Битвы
UI_20150717_001730	Результаты
UI_20150717_001731	{@st41}Move Immediately
UI_20150717_001732	{@st41b}            Имя Группы показывается у всех ваших персонажей.{nl}                 Это общее название используется в игре.{nl}                  Your Team Name can be changed later on.{/}
UI_20150729_001733	{@st42}Показывать доступные для изучения Атрибуты{/}
UI_20150729_001734	Leg Count
UI_20150729_001735	Высоты
UI_20150729_001736	Вес
UI_20150729_001737	{@st43}Закалка самоцвета{/}
UI_20150729_001738	{@st59b}Создание предмета{nl}{@st59s} - Предмет может быть создан по рецепту.{nl} -Положите рецепт и нееобходимые ингридиенты в слоты для создания предмета. {nl} -Вы можете дать уникальное имя и описание предмету.{/}
UI_20150729_001739	{@st59}Закрыть Создание Стрел{/}
UI_20150729_001740	{memo X}Нужные Части : Mutant %s / Beast %s / Plant %s
UI_20150729_001741	{@st42b}         Класс Мечников может ускорится при двойном нажатии клавиши перемещения {/}
UI_20150729_001742	{@st41}настройки Группы
UI_20150729_001743	{@st41}Party Recruit Settings
UI_20150729_001744	{@st42}Search for Party Members{/}
UI_20150729_001745	When a player meets the criteria you set up, a [Party Match!] message will be shown on your screen.
UI_20150729_001746	{@st41b}Recommended Player List{/}
UI_20150729_001747	{@st41}Информация Атрибута
UI_20150729_001748	{@st59}Отмена Заточки{/}
UI_20150729_001749	{@st59b}Усиление Самоцвета/Карты {nl}{@st59s} - Выберите Самоцвет из инвентаря для Усиления.{nl} - Все предметы, за исключением квестовых предметов можно использовать в качестве материалов для Усиления Самоцветов.{nl} (Эффективнее использовать материалы и сами Самоцветы){nl} - Карты могут быть усилены только Картами.{/}
UI_20150729_001750	{memo X}{#000000}{s22}Очередь Сервера
UI_20150729_001751	{memo X}{#000000}{s22}Сервер переполнен. Подождите входа.
UI_20150729_001752	{memo X}{#000000}{s22}Текущая позиция : %s
UI_20150729_001753	{@st43}Team Battle League
UI_20150729_001754	{@st59}Close Team Battle League
UI_20150729_001755	{@st42}Team Battle League Schedule
UI_20150729_001756	{@st43}Team Battle League Rankings
UI_20150729_001757	{@st59}Close Team Battle League Rankings
UI_20150729_001758	Team Name
UI_20150729_001759	{@st41b}Имя Умения
UI_20150729_001760	{@st59}Принять Групповое Задание{/}
UI_20150729_001761	{@st59}Удалить Этот Пропуск{/}
UI_20150729_001762	Счет
UI_20150729_001763	Join Team Battle League
UI_20150730_001764	{memo X}{@st56}Мой Ранг
UI_20150730_001765	{memo X}{@st56}Ранг Убийств
UI_20150730_001766	{memo X}{@st56}Ранг Урона
UI_20150803_001767	Общий: /s чат{nl}Крик: /y Чат {nl}Группа: /p чат{nl} Приват: /w ИмяГруппы Чат
UI_20150803_001768	{@st66b}Вибрация Геймпада{/}
UI_20150803_001769	A match has been found. Please wait until you can join the game.
UI_20150804_001770	{memo had to be shortened to fit the UI}{@st43}{s18}Pick the character to receive the item(s).{/}
UI_20150804_001771	Максимум слотов : %s
UI_20150807_001772	{@st41b}Детали {img red_down_arrow 16 16}
UI_20150807_001773	{@st41b}Торговля Населенный пункт: {/}
UI_20150807_001774	{@st41b}Ожидаемый остаток: {/}
UI_20150918_001775	Длительность Лагеря
UI_20150918_001776	Эффект
UI_20150918_001777	Длительность Лагеря увеличится если  {nl} внести %s Серебра.
UI_20150918_001778	Персональный Склад
UI_20150918_001779	{@st41b}Тип : {@sti7}%s{/}
UI_20150918_001780	{@st41b}Сложность : {@sti7}%s{/}
UI_20150918_001781	{#ffff00}{ol}%s{/}{/} players like this character
UI_20150918_001782	{@st43}Instanced Dungeons
UI_20150918_001783	{@st41}Проверить Локацию
UI_20150918_001784	{#000000}Имя Подземелья{/}
UI_20150918_001785	{#000000}Уровень для Входа{/}
UI_20150918_001786	{#000000}Число для Прохода{/}
UI_20150918_001787	{#000000}Число входов будет сброшено через %с.{/}
UI_20150918_001788	{img silver 20 20} Цена
UI_20150918_001789	Информация Групп Рядом
UI_20150918_001790	Требуемые части : %s 
UI_20150918_001791	{@st66b}Пусто
UI_20150918_001792	{@st42}Показать Группы Рядом{/}
UI_20150918_001793	Дружба с {@sti9}%s{@st66b} : {@st66b}Уровень{/} {@sti9}%s {@st66b}
UI_20150918_001794	Дружба
UI_20150918_001795	{@st41b}Получен материал для создания предмета!
UI_20150918_001796	{@st66b}{s20}You have become {/}{s20}{#cc6600}{ol}Incapable of Combat {/}{@st66b}{s20}!{/}
UI_20150918_001797	{@st66b}Воскреснуть у точки Сохранения{/}
UI_20150918_001798	{@st66b}Воскреснуть здесь (requires %s iCoins){/}
UI_20150918_001799	{@st66b}Вернуться на поле{/}
UI_20150918_001800	{@st66b}Отменить квест и попробовать снова{/}
UI_20150918_001801	{@st66b}Попробуйте снова{/}
UI_20150918_001802	{@st66b}Предмет продан{/}
UI_20150918_001803	{@st53}Рейтинг Очков : %s
UI_20150918_001804	Всего не для продажи: %s
UI_20150918_001805	{@st42b}Проверить Диалог{/}
UI_20150918_001806	{@st66b}Дать пищу вне партии{/}
UI_20150918_001807	{@st41b}Изменить Заголовок Вывески
UI_20150918_001808	{@sti9}Мой Ранг{/}
UI_20150918_001809	{@sti9}Ранг Убийств{/}
UI_20150918_001810	{@sti9}Ранг Урона{/}
UI_20151001_001811	{@st43}Настройки Клавиш{/}
UI_20151001_001812	{@st45tw2}Категория
UI_20151001_001813	Действие
UI_20151001_001814	По умолчанию
UI_20151016_001815	{@st59}Выбранный предмет будет заблокирован.{/}
UI_20151016_001816	{@st59}You can change the theme of your lodge and preview it.
UI_20151016_001817	%s Персонажи{/}
UI_20151016_001818	{@st42b}Просмотр
UI_20151016_001819	{@st42b}Вернуться
UI_20151016_001820	{@st42b}Купить
UI_20151016_001821	{@st42b}Применить
UI_20151016_001822	Описание и Имя Гильдии
UI_20151016_001823	Имя Группы
UI_20151016_001824	Титул
UI_20151016_001825	Notice
UI_20151022_001826	{@st41}Очередь Сервера{/}
UI_20151022_001827	{#000000}{s18}Сервер переполнен.Попробуйте позже.
UI_20151022_001828	{#000000}{s18}Текущая Позиция : %s
UI_20151022_001829	{@st66b}Показать Эффекты других Персонажей
UI_20151102_001830	iCoin